architecture,source,ferrite,healing_mode,mixture_kind,composition_fraction,diamond_um,interlayer_um,temperature_K,electric_field_V_cm,surface_recombination_cm_s,collection_efficiency,power_density_W_cm2,current_density_A_cm2,voltage_V,lifetime_years,interface_loss_fraction,healing_benefit,carrier_survival_fraction,bulk_recombination_fraction,trap_loss_fraction,mobility_loss_fraction,thermal_loss_fraction,peak_temperature_K,mobility_cm2_Vs,thermal_conductivity_W_mK,effective_traps_cm3,damage_rate_cm3_s,healing_rate_s,defects_cm3
baseline,Ni63,Fe3O4,none,none,0.0,8.0,0.3,300.0,50000.0,1000.0,0.07835722077529063,2.6951936397591497e-10,1.6417044922561152e-09,0.164170449217403,1.3088203121607294,0.18240671762448912,0.0,0.7588811790743524,0.24111882092564763,0.2795846565410563,0.0,0.0,300.0000000000032,1200.0,1200.0,5.385126945339667e+18,130380292808.7969,0.0,5.385016945339667e+18
ferrite_transport,Ni63,Fe3O4,none,none,0.0,8.0,0.1,300.0,50000.0,1000.0,0.0002939370792056289,3.792631731634704e-15,6.158434648369938e-12,0.0006158434648062016,0.42184422891870993,0.33769988372347304,0.0,0.004225731571913305,0.9957742684280867,0.2786993723622124,0.16939153381630298,0.0,300.0000000007735,0.8,5.0,1.7142454259162678e+18,128770659564.24387,0.0,1.6341454259162678e+18
ferrite_transport,Ni63,NiFe2O4,none,none,0.0,8.0,0.1,300.0,50000.0,1000.0,1.6752483091453063e-05,1.2319421147752133e-17,3.5099032961561924e-13,3.509903295980697e-05,0.47370493504738576,0.3323196138340506,0.0,0.0002663434801088993,0.9997336565198911,0.27884117436562,0.25483473335379436,0.0,300.00000000096685,0.02,4.0,1.9249914126368822e+18,128770659564.24387,0.0,1.9048914126368822e+18
ferrite_transport,Ni63,CoFe2O4,none,none,0.0,8.0,0.1,300.0,50000.0,1000.0,1.0952734373413222e-05,5.265953697210262e-18,2.294766588887323e-13,2.2947665887725845e-05,0.3619577360985462,0.3350124813687635,0.0,0.00017987685207743187,0.9998201231479226,0.27848534548728293,0.2760582004829697,0.0,300.0000000012086,0.008,3.2,1.470885106268714e+18,128770659564.24387,0.0,1.430785106268714e+18
ferrite_transport,Ni63,Fe3O4,none,none,0.0,8.0,0.5,300.0,50000.0,1000.0,0.000291154222656424,3.721158011498876e-15,6.100129516399578e-12,0.0006100129516094571,0.422817618293447,0.33769984597256997,0.0,0.004185371382814274,0.9958146286171857,0.27863858295447397,0.16939153381630298,0.0,300.0000000008117,0.8,5.0,1.6373444646966787e+18,122710863820.04414,0.0,1.5572444646966787e+18
ferrite_transport,Ni63,NiFe2O4,none,none,0.0,8.0,0.5,300.0,50000.0,1000.0,1.644534109285768e-05,1.187183075911903e-17,3.4455523156255545e-13,3.445552315453277e-05,0.4739491938043422,0.33231960596667,0.0,0.0002614398745568458,0.9997385601254432,0.2787848207602622,0.25483473335379436,0.0,300.0000000010146,0.02,4.0,1.835349463806911e+18,122710863820.04414,0.0,1.815249463806911e+18
ferrite_transport,Ni63,CoFe2O4,none,none,0.0,8.0,0.5,300.0,50000.0,1000.0,1.0732851743770149e-05,5.056641752605935e-18,2.2486977904686897e-13,2.2486977903562548e-05,0.3624450383947629,0.3350124552581246,0.0,0.0001762480621936291,0.9998237519378064,0.2784130965357011,0.2760582004829697,0.0,300.0000000012683,0.008,3.2,1.403554042444304e+18,122710863820.04414,0.0,1.363454042444304e+18
ferrite_graphene,Ni63,Fe3O4,none,none,0.0,8.0,0.1,300.0,50000.0,1000.0,0.00022135327374495634,2.150818802696017e-15,4.637692101469823e-12,0.0004637692101237938,0.42184422891870993,0.5012459832026966,0.0,0.004225731571913305,0.9957742684280867,0.2786993723622124,0.16939153381630298,0.0,300.0000000007735,0.8,5.0,1.7142454259162678e+18,128770659564.24387,0.0,1.6341454259162678e+18
ferrite_graphene,Ni63,NiFe2O4,none,none,0.0,8.0,0.1,300.0,50000.0,1000.0,1.2617008603182309e-05,6.98786850458188e-18,2.643457679807126e-13,2.643457679674953e-05,0.47370493504738576,0.4971414607348704,0.0,0.0002663434801088993,0.9997336565198911,0.27884117436562,0.25483473335379436,0.0,300.00000000096685,0.02,4.0,1.9249914126368822e+18,128770659564.24387,0.0,1.9048914126368822e+18
ferrite_graphene,Ni63,CoFe2O4,none,none,0.0,8.0,0.1,300.0,50000.0,1000.0,8.246795702590511e-06,2.9853990994610867e-18,1.727830749700432e-13,1.7278307496140404e-05,0.3619577360985462,0.4993016333677949,0.0,0.00017987685207743187,0.9998201231479226,0.27848534548728293,0.2760582004829697,0.0,300.0000000012086,0.008,3.2,1.470885106268714e+18,128770659564.24387,0.0,1.430785106268714e+18
ferrite_graphene,Ni63,Fe3O4,none,none,0.0,8.0,0.5,300.0,50000.0,1000.0,0.00021942451398555517,2.1134998228778432e-15,4.59728161306605e-12,0.0004597281612836186,0.422817618293447,0.5008662828788251,0.0,0.004185371382814274,0.9958146286171857,0.27863858295447397,0.16939153381630298,0.0,300.0000000008117,0.8,5.0,1.6373444646966787e+18,122710863820.04414,0.0,1.5572444646966787e+18
ferrite_graphene,Ni63,NiFe2O4,none,none,0.0,8.0,0.5,300.0,50000.0,1000.0,1.239408300232863e-05,6.743117480113856e-18,2.596751332039903e-13,2.5967513319100656e-05,0.4739491938043422,0.49680057251773335,0.0,0.0002614398745568458,0.9997385601254432,0.2787848207602622,0.25483473335379436,0.0,300.0000000010146,0.02,4.0,1.835349463806911e+18,122710863820.04414,0.0,1.815249463806911e+18
ferrite_graphene,Ni63,CoFe2O4,none,none,0.0,8.0,0.5,300.0,50000.0,1000.0,8.088399196573443e-06,2.871819104887661e-18,1.6946442414357213e-13,1.6946442413509893e-05,0.3624450383947629,0.49885781980138033,0.0,0.0001762480621936291,0.9998237519378064,0.2784130965357011,0.2760582004829697,0.0,300.0000000012683,0.008,3.2,1.403554042444304e+18,122710863820.04414,0.0,1.363454042444304e+18
graded_interface,Ni63,Fe3O4,none,none,0.0,8.0,0.1,300.0,50000.0,1000.0,0.00030349623912447483,4.043324087667142e-15,6.358713775496825e-12,0.0006358713775178889,0.42184422891870993,0.3161611491654942,0.0,0.004225731571913305,0.9957742684280867,0.2786993723622124,0.16939153381630298,0.0,300.0000000007735,0.8,5.0,1.7142454259162678e+18,128770659564.24387,0.0,1.6341454259162678e+18
graded_interface,Ni63,NiFe2O4,none,none,0.0,8.0,0.1,300.0,50000.0,1000.0,1.720632805096099e-05,1.2995958718637014e-17,3.6049908071015676e-13,3.604990806921318e-05,0.47370493504738576,0.3142313473860563,0.0,0.0002663434801088993,0.9997336565198911,0.27884117436562,0.25483473335379436,0.0,300.00000000096685,0.02,4.0,1.9249914126368822e+18,128770659564.24387,0.0,1.9048914126368822e+18
graded_interface,Ni63,CoFe2O4,none,none,0.0,8.0,0.1,300.0,50000.0,1000.0,1.1279112639034127e-05,5.584467825494178e-18,2.3631478637134413e-13,2.363147863595284e-05,0.3619577360985462,0.3151966558779845,0.0,0.00017987685207743187,0.9998201231479226,0.27848534548728293,0.2760582004829697,0.0,300.0000000012086,0.008,3.2,1.470885106268714e+18,128770659564.24387,0.0,1.430785106268714e+18
graded_interface,Ni63,Fe3O4,none,none,0.0,8.0,0.5,300.0,50000.0,1000.0,0.00030062286985534906,3.9671256720143605e-15,6.298512262600365e-12,0.0006298512262285439,0.422817618293447,0.3161611355219247,0.0,0.004185371382814274,0.9958146286171857,0.27863858295447397,0.16939153381630298,0.0,300.0000000008117,0.8,5.0,1.6373444646966787e+18,122710863820.04414,0.0,1.5572444646966787e+18
graded_interface,Ni63,NiFe2O4,none,none,0.0,8.0,0.5,300.0,50000.0,1000.0,1.689086507604771e-05,1.252378811037158e-17,3.538896453839497e-13,3.5388964536625524e-05,0.4739491938043422,0.31423134455767976,0.0,0.0002614398745568458,0.9997385601254432,0.2787848207602622,0.25483473335379436,0.0,300.0000000010146,0.02,4.0,1.835349463806911e+18,122710863820.04414,0.0,1.815249463806911e+18
graded_interface,Ni63,CoFe2O4,none,none,0.0,8.0,0.5,300.0,50000.0,1000.0,1.1052677490326638e-05,5.362495258187691e-18,2.315706211602805e-13,2.31570621148702e-05,0.3624450383947629,0.315196646466087,0.0,0.0001762480621936291,0.9998237519378064,0.2784130965357011,0.2760582004829697,0.0,300.0000000012683,0.008,3.2,1.403554042444304e+18,122710863820.04414,0.0,1.363454042444304e+18
composite_layer,Ni63,Fe3O4,none,diamond_ferrite,0.0,8.0,0.1,300.0,50000.0,1000.0,0.08402788683678776,3.0994084259875973e-10,1.7605136824638904e-09,0.17605136823758646,1.3088203121607294,0.12323797181393237,0.0,0.7588811790743524,0.24111882092564763,0.2795846565410563,0.0,0.0,300.0000000000032,1200.0,1200.0,5.385126945339667e+18,130380292808.7969,0.0,5.385016945339667e+18
composite_layer,Ni63,NiFe2O4,none,diamond_ferrite,0.0,8.0,0.1,300.0,50000.0,1000.0,0.08402788683678776,3.0994084259875973e-10,1.7605136824638904e-09,0.17605136823758646,1.3088203121607294,0.12323797181393237,0.0,0.7588811790743524,0.24111882092564763,0.2795846565410563,0.0,0.0,300.0000000000032,1200.0,1200.0,5.385126945339667e+18,130380292808.7969,0.0,5.385016945339667e+18
composite_layer,Ni63,CoFe2O4,none,diamond_ferrite,0.0,8.0,0.1,300.0,50000.0,1000.0,0.08402788683678776,3.0994084259875973e-10,1.7605136824638904e-09,0.17605136823758646,1.3088203121607294,0.12323797181393237,0.0,0.7588811790743524,0.24111882092564763,0.2795846565410563,0.0,0.0,300.0000000000032,1200.0,1200.0,5.385126945339667e+18,130380292808.7969,0.0,5.385016945339667e+18
composite_layer,Ni63,Fe3O4,none,diamond_ferrite,0.5,8.0,0.1,300.0,50000.0,1000.0,0.004679471066272729,9.6122588670603e-13,9.804212802433917e-11,0.009804212801943707,0.6281779683259665,0.29859376906859136,0.0,0.05854335722170734,0.9414566427782927,0.27886001330816296,0.09854309013512516,0.0,300.00000000004934,17.041126723312637,77.45966692414831,1.9569352190158687e+18,98716507412.37482,0.0,1.9168252190158687e+18
composite_layer,Ni63,NiFe2O4,none,diamond_ferrite,0.5,8.0,0.1,300.0,50000.0,1000.0,0.0008145409023826858,2.9124449175678863e-14,1.7065886785378335e-11,0.001706588678452504,0.6938821731754686,0.2985936583536447,0.0,0.010697777293783961,0.989302222706216,0.27888361678049634,0.1412646899038708,0.0,300.00000000005514,2.6944387170614963,69.2820323027551,1.9984794605169825e+18,91266204966.15784,0.0,1.9883694605169825e+18
composite_layer,Ni63,CoFe2O4,none,diamond_ferrite,0.5,8.0,0.1,300.0,50000.0,1000.0,0.0006967160991524393,2.1308045601172703e-14,1.4597275636994083e-11,0.001459727563626422,0.5625606887769222,0.29859544725592335,0.0,0.009259945349377241,0.9907400546506228,0.27850266296869775,0.1518764234684585,0.0,300.0000000000616,1.7041126723312634,61.96773353931865,1.4879891815751148e+18,83815902519.94087,0.0,1.4678791815751148e+18
composite_layer,Ni63,Fe3O4,none,diamond_ferrite,1.0,8.0,0.1,300.0,50000.0,1000.0,0.000673720308280193,1.9924673019514544e-14,1.4115478390940485e-11,0.0014115478390234711,0.4154174488636812,0.15393660653803598,0.0,0.0075690672589388,0.9924309327410612,0.2774747271715849,0.16939153381630298,0.0,300.000000000764,0.8,4.999999999999999,8.790328682092566e+17,67052722015.9527,0.0,8.509228682092566e+17
composite_layer,Ni63,NiFe2O4,none,diamond_ferrite,1.0,8.0,0.1,300.0,50000.0,1000.0,3.851741353289285e-05,6.512476335269223e-17,8.069991533821363e-13,8.069991533417863e-05,0.47307879412936665,0.1539384488799076,0.0,0.0004821373293091291,0.9995178626706909,0.27715226853979513,0.25483473335379436,0.0,300.0000000009549,0.02,4.0,7.785910221179372e+17,52152117123.51876,0.0,7.714810221179372e+17
composite_layer,Ni63,CoFe2O4,none,diamond_ferrite,1.0,8.0,0.1,300.0,50000.0,1000.0,3.0436378143684085e-05,4.066472764484288e-17,6.376890123475244e-13,6.376890123156399e-05,0.3640925697865229,0.1539516387314801,0.0,0.00039092084905489877,0.9996090791509451,0.2748625702150344,0.2760582004829697,0.0,300.00000000119365,0.007999999999999997,3.2,4.280156914563065e+17,37251512231.08482,0.0,4.139056914563065e+17
composite_layer,Ni63,Fe3O4,none,diamond_graphene,0.0,8.0,0.1,300.0,50000.0,1000.0,0.08402788683678776,3.0994084259875973e-10,1.7605136824638904e-09,0.17605136823758646,1.3088203121607294,0.12323797181393237,0.0,0.7588811790743524,0.24111882092564763,0.2795846565410563,0.0,0.0,300.0000000000032,1200.0,1200.0,5.385126945339667e+18,130380292808.7969,0.0,5.385016945339667e+18
composite_layer,Ni63,Fe3O4,none,diamond_graphene,0.5,8.0,0.1,300.0,50000.0,1000.0,0.08635347374165901,3.273343265524508e-10,1.809238310916551e-09,0.18092383108260893,0.9132436821814263,0.2985916127134216,0.0,0.974499518308803,0.025500481691197008,0.2793203553161498,0.0,0.0,300.00000000000284,1905.2558883257661,1341.6407864998732,3.287839801630394e+18,114082756207.6973,0.0,3.287629801630394e+18
composite_layer,Ni63,Fe3O4,none,diamond_graphene,1.0,8.0,0.1,300.0,50000.0,1000.0,0.10694155139677122,5.020244693919412e-10,2.2405902557519134e-09,0.22405902556398838,0.7011217724622578,0.1539281203476377,0.0,0.9999999999997483,2.51687559682523e-13,0.2789684874922038,0.0,0.0,300.00000000000256,10000.00000000001,1500.0,2.163568432830343e+18,97785219606.59769,0.0,2.163388432830343e+18
composite_layer,Ni63,Fe3O4,none,diamond_hea,0.0,8.0,0.1,300.0,50000.0,1000.0,0.08402788683678776,3.0994084259875973e-10,1.7605136824638904e-09,0.17605136823758646,1.3088203121607294,0.12323797181393237,0.0,0.7588811790743524,0.24111882092564763,0.2795846565410563,0.0,0.0,300.0000000000032,1200.0,1200.0,5.385126945339667e+18,130380292808.7969,0.0,5.385016945339667e+18
composite_layer,Ni63,Fe3O4,none,diamond_hea,0.5,8.0,0.1,300.0,50000.0,1000.0,0.020962113789055957,1.9288660710714546e-11,4.391885780809763e-10,0.043918857805901684,0.7609373706450058,0.2985938623550307,0.0,0.2518290528902969,0.7481709471097031,0.27884012813861014,0.06126468990387083,0.0,300.000000000026,85.20563361656316,146.96938456699075,1.9232478167336305e+18,80090751296.8324,0.0,1.9206378167336305e+18
composite_layer,Ni63,Fe3O4,none,diamond_hea,1.0,8.0,0.1,300.0,50000.0,1000.0,0.022229719537566184,2.1692014819288813e-11,4.657468713837315e-10,0.046574687136044415,0.5372495162947124,0.1539471636656028,0.0,0.22859494558256377,0.7714050544174362,0.27563573005254693,0.09483473335379435,0.0,300.0000000002122,19.999999999999996,17.999999999999996,5.052588100576159e+17,29801209784.86786,0.0,5.033988100576159e+17
composite_layer,Ni63,Fe3O4,none,diamond_ferrite,0.0,8.0,0.5,300.0,50000.0,1000.0,0.08402788683678776,3.0994084259875973e-10,1.7605136824638904e-09,0.17605136823758646,1.3088203121607294,0.12323797181393237,0.0,0.7588811790743524,0.24111882092564763,0.2795846565410563,0.0,0.0,300.0000000000032,1200.0,1200.0,5.385126945339667e+18,130380292808.7969,0.0,5.385016945339667e+18
composite_layer,Ni63,NiFe2O4,none,diamond_ferrite,0.0,8.0,0.5,300.0,50000.0,1000.0,0.08402788683678776,3.0994084259875973e-10,1.7605136824638904e-09,0.17605136823758646,1.3088203121607294,0.12323797181393237,0.0,0.7588811790743524,0.24111882092564763,0.2795846565410563,0.0,0.0,300.0000000000032,1200.0,1200.0,5.385126945339667e+18,130380292808.7969,0.0,5.385016945339667e+18
composite_layer,Ni63,CoFe2O4,none,diamond_ferrite,0.0,8.0,0.5,300.0,50000.0,1000.0,0.08402788683678776,3.0994084259875973e-10,1.7605136824638904e-09,0.17605136823758646,1.3088203121607294,0.12323797181393237,0.0,0.7588811790743524,0.24111882092564763,0.2795846565410563,0.0,0.0,300.0000000000032,1200.0,1200.0,5.385126945339667e+18,130380292808.7969,0.0,5.385016945339667e+18
composite_layer,Ni63,Fe3O4,none,diamond_ferrite,0.5,8.0,0.5,300.0,50000.0,1000.0,0.004679471066272729,9.6122588670603e-13,9.804212802433917e-11,0.009804212801943707,0.6281779683259665,0.29859376906859136,0.0,0.05854335722170734,0.9414566427782927,0.27886001330816296,0.09854309013512516,0.0,300.00000000004934,17.041126723312637,77.45966692414831,1.9569352190158687e+18,98716507412.37482,0.0,1.9168252190158687e+18
composite_layer,Ni63,NiFe2O4,none,diamond_ferrite,0.5,8.0,0.5,300.0,50000.0,1000.0,0.0008145409023826858,2.9124449175678863e-14,1.7065886785378335e-11,0.001706588678452504,0.6938821731754686,0.2985936583536447,0.0,0.010697777293783961,0.989302222706216,0.27888361678049634,0.1412646899038708,0.0,300.00000000005514,2.6944387170614963,69.2820323027551,1.9984794605169825e+18,91266204966.15784,0.0,1.9883694605169825e+18
composite_layer,Ni63,CoFe2O4,none,diamond_ferrite,0.5,8.0,0.5,300.0,50000.0,1000.0,0.0006967160991524393,2.1308045601172703e-14,1.4597275636994083e-11,0.001459727563626422,0.5625606887769222,0.29859544725592335,0.0,0.009259945349377241,0.9907400546506228,0.27850266296869775,0.1518764234684585,0.0,300.0000000000616,1.7041126723312634,61.96773353931865,1.4879891815751148e+18,83815902519.94087,0.0,1.4678791815751148e+18
composite_layer,Ni63,Fe3O4,none,diamond_ferrite,1.0,8.0,0.5,300.0,50000.0,1000.0,0.000673720308280193,1.9924673019514544e-14,1.4115478390940485e-11,0.0014115478390234711,0.4154174488636812,0.15393660653803598,0.0,0.0075690672589388,0.9924309327410612,0.2774747271715849,0.16939153381630298,0.0,300.000000000764,0.8,4.999999999999999,8.790328682092566e+17,67052722015.9527,0.0,8.509228682092566e+17
composite_layer,Ni63,NiFe2O4,none,diamond_ferrite,1.0,8.0,0.5,300.0,50000.0,1000.0,3.851741353289285e-05,6.512476335269223e-17,8.069991533821363e-13,8.069991533417863e-05,0.47307879412936665,0.1539384488799076,0.0,0.0004821373293091291,0.9995178626706909,0.27715226853979513,0.25483473335379436,0.0,300.0000000009549,0.02,4.0,7.785910221179372e+17,52152117123.51876,0.0,7.714810221179372e+17
composite_layer,Ni63,CoFe2O4,none,diamond_ferrite,1.0,8.0,0.5,300.0,50000.0,1000.0,3.0436378143684085e-05,4.066472764484288e-17,6.376890123475244e-13,6.376890123156399e-05,0.3640925697865229,0.1539516387314801,0.0,0.00039092084905489877,0.9996090791509451,0.2748625702150344,0.2760582004829697,0.0,300.00000000119365,0.007999999999999997,3.2,4.280156914563065e+17,37251512231.08482,0.0,4.139056914563065e+17
composite_layer,Ni63,Fe3O4,none,diamond_graphene,0.0,8.0,0.5,300.0,50000.0,1000.0,0.08402788683678776,3.0994084259875973e-10,1.7605136824638904e-09,0.17605136823758646,1.3088203121607294,0.12323797181393237,0.0,0.7588811790743524,0.24111882092564763,0.2795846565410563,0.0,0.0,300.0000000000032,1200.0,1200.0,5.385126945339667e+18,130380292808.7969,0.0,5.385016945339667e+18
composite_layer,Ni63,Fe3O4,none,diamond_graphene,0.5,8.0,0.5,300.0,50000.0,1000.0,0.08635347374165901,3.273343265524508e-10,1.809238310916551e-09,0.18092383108260893,0.9132436821814263,0.2985916127134216,0.0,0.974499518308803,0.025500481691197008,0.2793203553161498,0.0,0.0,300.00000000000284,1905.2558883257661,1341.6407864998732,3.287839801630394e+18,114082756207.6973,0.0,3.287629801630394e+18
composite_layer,Ni63,Fe3O4,none,diamond_graphene,1.0,8.0,0.5,300.0,50000.0,1000.0,0.10694155139677122,5.020244693919412e-10,2.2405902557519134e-09,0.22405902556398838,0.7011217724622578,0.1539281203476377,0.0,0.9999999999997483,2.51687559682523e-13,0.2789684874922038,0.0,0.0,300.00000000000256,10000.00000000001,1500.0,2.163568432830343e+18,97785219606.59769,0.0,2.163388432830343e+18
composite_layer,Ni63,Fe3O4,none,diamond_hea,0.0,8.0,0.5,300.0,50000.0,1000.0,0.08402788683678776,3.0994084259875973e-10,1.7605136824638904e-09,0.17605136823758646,1.3088203121607294,0.12323797181393237,0.0,0.7588811790743524,0.24111882092564763,0.2795846565410563,0.0,0.0,300.0000000000032,1200.0,1200.0,5.385126945339667e+18,130380292808.7969,0.0,5.385016945339667e+18
composite_layer,Ni63,Fe3O4,none,diamond_hea,0.5,8.0,0.5,300.0,50000.0,1000.0,0.020962113789055957,1.9288660710714546e-11,4.391885780809763e-10,0.043918857805901684,0.7609373706450058,0.2985938623550307,0.0,0.2518290528902969,0.7481709471097031,0.27884012813861014,0.06126468990387083,0.0,300.000000000026,85.20563361656316,146.96938456699075,1.9232478167336305e+18,80090751296.8324,0.0,1.9206378167336305e+18
composite_layer,Ni63,Fe3O4,none,diamond_hea,1.0,8.0,0.5,300.0,50000.0,1000.0,0.022229719537566184,2.1692014819288813e-11,4.657468713837315e-10,0.046574687136044415,0.5372495162947124,0.1539471636656028,0.0,0.22859494558256377,0.7714050544174362,0.27563573005254693,0.09483473335379435,0.0,300.0000000002122,19.999999999999996,17.999999999999996,5.052588100576159e+17,29801209784.86786,0.0,5.033988100576159e+17
embedded_graphene_fingers,Ni63,Fe3O4,none,diamond_graphene,0.0,8.0,0.1,300.0,50000.0,1000.0,0.0840279182715956,3.0994107449635986e-10,1.760514341071543e-09,0.17605143409835172,1.3088192184648026,0.1232379718159553,0.0,0.7588814626082647,0.24111853739173528,0.27958465619449535,0.0,0.0,300.0000000000032,1200.0,1200.0,5.385122445339667e+18,130380292808.7969,0.0,5.385016945339667e+18
embedded_graphene_fingers,Ni63,Fe3O4,none,diamond_graphene,0.5,8.0,0.1,300.0,50000.0,1000.0,0.10038605874461971,4.423629372429562e-10,2.1032425853074445e-09,0.21032425852022824,0.9132299328612052,0.18461274983485831,0.0,0.9745009172118911,0.025499082788108862,0.27932034510845793,0.0,0.0,300.00000000000284,1905.2558883257661,1341.6407864998732,3.287790301630394e+18,114082756207.6973,0.0,3.287629801630394e+18
embedded_graphene_fingers,Ni63,Fe3O4,none,diamond_graphene,1.0,8.0,0.1,300.0,50000.0,1000.0,0.10946271490707947,5.259740965500538e-10,2.2934125153934964e-09,0.2293412515278826,0.7011101063723734,0.13398186628900766,0.0,0.9999999999997484,2.5157653738006047e-13,0.27896847039163014,0.0,0.0,300.00000000000256,10000.00000000001,1500.0,2.163532432830343e+18,97785219606.59769,0.0,2.163388432830343e+18
embedded_graphene_fingers,Ni63,Fe3O4,none,diamond_graphene,0.0,8.0,0.5,300.0,50000.0,1000.0,0.0840279182715956,3.0994107449635986e-10,1.760514341071543e-09,0.17605143409835172,1.3088192184648026,0.1232379718159553,0.0,0.7588814626082647,0.24111853739173528,0.27958465619449535,0.0,0.0,300.0000000000032,1200.0,1200.0,5.385122445339667e+18,130380292808.7969,0.0,5.385016945339667e+18
embedded_graphene_fingers,Ni63,Fe3O4,none,diamond_graphene,0.5,8.0,0.5,300.0,50000.0,1000.0,0.10038605874461971,4.423629372429562e-10,2.1032425853074445e-09,0.21032425852022824,0.9132299328612052,0.18461274983485831,0.0,0.9745009172118911,0.025499082788108862,0.27932034510845793,0.0,0.0,300.00000000000284,1905.2558883257661,1341.6407864998732,3.287790301630394e+18,114082756207.6973,0.0,3.287629801630394e+18
embedded_graphene_fingers,Ni63,Fe3O4,none,diamond_graphene,1.0,8.0,0.5,300.0,50000.0,1000.0,0.10946271490707947,5.259740965500538e-10,2.2934125153934964e-09,0.2293412515278826,0.7011101063723734,0.13398186628900766,0.0,0.9999999999997484,2.5157653738006047e-13,0.27896847039163014,0.0,0.0,300.00000000000256,10000.00000000001,1500.0,2.163532432830343e+18,97785219606.59769,0.0,2.163388432830343e+18
diamond_high_entropy_alloy,Ni63,Fe3O4,none,none,0.0,8.0,0.1,300.0,50000.0,1000.0,0.004617317244516371,9.358610129159396e-13,9.67399097044613e-11,0.00967399096996243,0.5365267655698374,0.3350098200999079,0.0,0.06068929993968142,0.9393107000603186,0.2789763650193238,0.09483473335379433,0.0,300.00000000021487,20.0,18.0,2.1802800434588347e+18,128770659564.24387,0.0,2.1751800434588347e+18
diamond_high_entropy_alloy,Ni63,Fe3O4,none,none,0.0,8.0,0.5,300.0,50000.0,1000.0,0.004606821195088619,9.31611065024534e-13,9.652000129875229e-11,0.00965200012939263,0.5365887416723487,0.33500981833309607,0.0,0.06054712312859378,0.9394528768714062,0.27892613260739857,0.09483473335379433,0.0,300.0000000002255,20.0,18.0,2.0779186296490068e+18,122710863820.04414,0.0,2.0728186296490068e+18
diamond_ideal_defect_sink,Ni63,Fe3O4,none,none,0.0,8.0,0.1,300.0,50000.0,1000.0,0.023074174575978608,2.3371375537416318e-11,4.834395054046048e-10,0.04834395053804328,0.22802107109388686,0.32965327111381615,0.0,0.29340848673228115,0.7065915132677189,0.27760327227657894,0.073611266224619,0.0,300.0000000000483,50.0,80.0,9.266076227643443e+17,128770659564.24387,0.0,9.264076227643443e+17
diamond_ideal_defect_sink,Ni63,Fe3O4,none,none,0.0,8.0,0.5,300.0,50000.0,1000.0,0.02305742275736429,2.3337452683663183e-11,4.830885289968088e-10,0.048308852897265435,0.22802350152927947,0.32965326917651416,0.0,0.29314788462095565,0.7068521153790444,0.2774860045929798,0.073611266224619,0.0,300.0000000000507,50.0,80.0,8.83011969928375e+17,122710863820.04414,0.0,8.82811969928375e+17
baseline,Ni63,Fe3O4,none,none,0.0,8.0,0.3,300.0,50000.0,100000.0,0.07829615284821329,2.690994262848612e-10,1.6404250251026903e-09,0.1640425025020669,1.3088203121607294,0.18304391131835696,0.0,0.7588811790743524,0.24111882092564763,0.2795846565410563,0.0,0.0,300.0000000000032,1200.0,1200.0,5.385126945339667e+18,130380292808.7969,0.0,5.385016945339667e+18
ferrite_transport,Ni63,Fe3O4,none,none,0.0,8.0,0.1,300.0,50000.0,100000.0,0.00029323007519488836,3.774408912839567e-15,6.143621825135632e-12,0.000614362182482845,0.42184422891870993,0.3392929077808218,0.0,0.004225731571913305,0.9957742684280867,0.2786993723622124,0.16939153381630298,0.0,300.0000000007735,0.8,5.0,1.7142454259162678e+18,128770659564.24387,0.0,1.6341454259162678e+18
ferrite_transport,Ni63,NiFe2O4,none,none,0.0,8.0,0.1,300.0,50000.0,100000.0,1.6716569354148182e-05,1.226665736247737e-17,3.502378814904336e-13,3.5023788147292174e-05,0.47370493504738576,0.33375097764211903,0.0,0.0002663434801088993,0.9997336565198911,0.27884117436562,0.25483473335379436,0.0,300.00000000096685,0.02,4.0,1.9249914126368822e+18,128770659564.24387,0.0,1.9048914126368822e+18
ferrite_transport,Ni63,CoFe2O4,none,none,0.0,8.0,0.1,300.0,50000.0,100000.0,1.0922070559446113e-05,5.236509325888565e-18,2.288342047454967e-13,2.2883420473405498e-05,0.3619577360985462,0.33687421313971333,0.0,0.00017987685207743187,0.9998201231479226,0.27848534548728293,0.2760582004829697,0.0,300.0000000012086,0.008,3.2,1.470885106268714e+18,128770659564.24387,0.0,1.430785106268714e+18
ferrite_transport,Ni63,Fe3O4,none,none,0.0,8.0,0.5,300.0,50000.0,100000.0,0.0002904555318658871,3.703319910187924e-15,6.0854908679358726e-12,0.0006085490867631598,0.422817618293447,0.3392891858556333,0.0,0.004185371382814274,0.9958146286171857,0.27863858295447397,0.16939153381630298,0.0,300.0000000008117,0.8,5.0,1.6373444646966787e+18,122710863820.04414,0.0,1.5572444646966787e+18
ferrite_transport,Ni63,NiFe2O4,none,none,0.0,8.0,0.5,300.0,50000.0,100000.0,1.6410104743140516e-05,1.1821011280859457e-17,3.438169757509147e-13,3.4381697573372386e-05,0.4739491938043422,0.3337502007917096,0.0,0.0002614398745568458,0.9997385601254432,0.2787848207602622,0.25483473335379436,0.0,300.0000000010146,0.02,4.0,1.835349463806911e+18,122710863820.04414,0.0,1.815249463806911e+18
ferrite_transport,Ni63,CoFe2O4,none,none,0.0,8.0,0.5,300.0,50000.0,100000.0,1.0702844555438053e-05,5.028406295370666e-18,2.242410822222834e-13,2.2424108221107135e-05,0.3624450383947629,0.3368716448723994,0.0,0.0001762480621936291,0.9998237519378064,0.2784130965357011,0.2760582004829697,0.0,300.0000000012683,0.008,3.2,1.403554042444304e+18,122710863820.04414,0.0,1.363454042444304e+18
ferrite_graphene,Ni63,Fe3O4,none,none,0.0,8.0,0.1,300.0,50000.0,100000.0,0.00020554420130595828,1.8545663864522286e-15,4.306467678440136e-12,0.0004306467678224812,0.42184422891870993,0.5368670438149501,0.0,0.004225731571913305,0.9957742684280867,0.2786993723622124,0.16939153381630298,0.0,300.0000000007735,0.8,5.0,1.7142454259162678e+18,128770659564.24387,0.0,1.6341454259162678e+18
ferrite_graphene,Ni63,NiFe2O4,none,none,0.0,8.0,0.1,300.0,50000.0,100000.0,1.1789982307424912e-05,6.101803705834501e-18,2.4701829296915626e-13,2.4701829295680534e-05,0.47370493504738576,0.5301030959447823,0.0,0.0002663434801088993,0.9997336565198911,0.27884117436562,0.25483473335379436,0.0,300.00000000096685,0.02,4.0,1.9249914126368822e+18,128770659564.24387,0.0,1.9048914126368822e+18
ferrite_graphene,Ni63,CoFe2O4,none,none,0.0,8.0,0.1,300.0,50000.0,100000.0,7.589826117500108e-06,2.5286899254308866e-18,1.590185500360672e-13,1.590185500281163e-05,0.3619577360985462,0.5391890769331149,0.0,0.00017987685207743187,0.9998201231479226,0.27848534548728293,0.2760582004829697,0.0,300.0000000012086,0.008,3.2,1.470885106268714e+18,128770659564.24387,0.0,1.430785106268714e+18
ferrite_graphene,Ni63,Fe3O4,none,none,0.0,8.0,0.5,300.0,50000.0,100000.0,0.00021483785327992613,2.0260657446581256e-15,4.501184005080695e-12,0.0004501184004855636,0.422817618293447,0.5112997434142553,0.0,0.004185371382814274,0.9958146286171857,0.27863858295447397,0.16939153381630298,0.0,300.0000000008117,0.8,5.0,1.6373444646966787e+18,122710863820.04414,0.0,1.5572444646966787e+18
ferrite_graphene,Ni63,NiFe2O4,none,none,0.0,8.0,0.5,300.0,50000.0,100000.0,1.2161220995946406e-05,6.492116235011197e-18,2.5479631542343393e-13,2.547963154106941e-05,0.4739491938043422,0.5062547635435553,0.0,0.0002614398745568458,0.9997385601254432,0.2787848207602622,0.25483473335379436,0.0,300.0000000010146,0.02,4.0,1.835349463806911e+18,122710863820.04414,0.0,1.815249463806911e+18
ferrite_graphene,Ni63,CoFe2O4,none,none,0.0,8.0,0.5,300.0,50000.0,100000.0,7.893406641902753e-06,2.73502234690968e-18,1.6537902971799147e-13,1.6537902970972253e-05,0.3624450383947629,0.5109391960533789,0.0,0.0001762480621936291,0.9998237519378064,0.2784130965357011,0.2760582004829697,0.0,300.0000000012683,0.008,3.2,1.403554042444304e+18,122710863820.04414,0.0,1.363454042444304e+18
graded_interface,Ni63,Fe3O4,none,none,0.0,8.0,0.1,300.0,50000.0,100000.0,0.00030323954006574583,4.036487241505152e-15,6.353335534746277e-12,0.0006353335534428611,0.42184422891870993,0.3167395444360186,0.0,0.004225731571913305,0.9957742684280867,0.2786993723622124,0.16939153381630298,0.0,300.0000000007735,0.8,5.0,1.7142454259162678e+18,128770659564.24387,0.0,1.6341454259162678e+18
graded_interface,Ni63,NiFe2O4,none,none,0.0,8.0,0.1,300.0,50000.0,100000.0,1.7193363684320015e-05,1.2976382095473955e-17,3.6022745725614497e-13,3.6022745723813356e-05,0.47370493504738576,0.31474805009084283,0.0,0.0002663434801088993,0.9997336565198911,0.27884117436562,0.25483473335379436,0.0,300.00000000096685,0.02,4.0,1.9249914126368822e+18,128770659564.24387,0.0,1.9048914126368822e+18
graded_interface,Ni63,CoFe2O4,none,none,0.0,8.0,0.1,300.0,50000.0,100000.0,1.1268000013949008e-05,5.5734691719313616e-18,2.3608195975571776e-13,2.360819597439137e-05,0.3619577360985462,0.3158713510480575,0.0,0.00017987685207743187,0.9998201231479226,0.27848534548728293,0.2760582004829697,0.0,300.0000000012086,0.008,3.2,1.470885106268714e+18,128770659564.24387,0.0,1.430785106268714e+18
graded_interface,Ni63,Fe3O4,none,none,0.0,8.0,0.5,300.0,50000.0,100000.0,0.0003003691919268052,3.960433249617356e-15,6.2931973191815445e-12,0.0006293197318866884,0.422817618293447,0.31673818685099364,0.0,0.004185371382814274,0.9958146286171857,0.27863858295447397,0.16939153381630298,0.0,300.0000000008117,0.8,5.0,1.6373444646966787e+18,122710863820.04414,0.0,1.5572444646966787e+18
graded_interface,Ni63,NiFe2O4,none,none,0.0,8.0,0.5,300.0,50000.0,100000.0,1.6878145265732972e-05,1.2504932921217332e-17,3.536231457617357e-13,3.5362314574405456e-05,0.4739491938043422,0.31474776850504704,0.0,0.0002614398745568458,0.9997385601254432,0.2787848207602622,0.25483473335379436,0.0,300.0000000010146,0.02,4.0,1.835349463806911e+18,122710863820.04414,0.0,1.815249463806911e+18
graded_interface,Ni63,CoFe2O4,none,none,0.0,8.0,0.5,300.0,50000.0,100000.0,1.1041802909175748e-05,5.351948274927135e-18,2.313427819318064e-13,2.3134278192023924e-05,0.3624450383947629,0.31587041530145954,0.0,0.0001762480621936291,0.9998237519378064,0.2784130965357011,0.2760582004829697,0.0,300.0000000012683,0.008,3.2,1.403554042444304e+18,122710863820.04414,0.0,1.363454042444304e+18
composite_layer,Ni63,Fe3O4,none,diamond_ferrite,0.0,8.0,0.1,300.0,50000.0,100000.0,0.0840049314785051,3.097715218763455e-10,1.760032732342879e-09,0.17600327322548776,1.3088203121607294,0.1234774921356171,0.0,0.7588811790743524,0.24111882092564763,0.2795846565410563,0.0,0.0,300.0000000000032,1200.0,1200.0,5.385126945339667e+18,130380292808.7969,0.0,5.385016945339667e+18
composite_layer,Ni63,NiFe2O4,none,diamond_ferrite,0.0,8.0,0.1,300.0,50000.0,100000.0,0.0840049314785051,3.097715218763455e-10,1.760032732342879e-09,0.17600327322548776,1.3088203121607294,0.1234774921356171,0.0,0.7588811790743524,0.24111882092564763,0.2795846565410563,0.0,0.0,300.0000000000032,1200.0,1200.0,5.385126945339667e+18,130380292808.7969,0.0,5.385016945339667e+18
composite_layer,Ni63,CoFe2O4,none,diamond_ferrite,0.0,8.0,0.1,300.0,50000.0,100000.0,0.0840049314785051,3.097715218763455e-10,1.760032732342879e-09,0.17600327322548776,1.3088203121607294,0.1234774921356171,0.0,0.7588811790743524,0.24111882092564763,0.2795846565410563,0.0,0.0,300.0000000000032,1200.0,1200.0,5.385126945339667e+18,130380292808.7969,0.0,5.385016945339667e+18
composite_layer,Ni63,Fe3O4,none,diamond_ferrite,0.5,8.0,0.1,300.0,50000.0,100000.0,0.004675959386831899,9.597837362711625e-13,9.796855292996583e-11,0.009796855292506741,0.6281779683259665,0.299120134934722,0.0,0.05854335722170734,0.9414566427782927,0.27886001330816296,0.09854309013512516,0.0,300.00000000004934,17.041126723312637,77.45966692414831,1.9569352190158687e+18,98716507412.37482,0.0,1.9168252190158687e+18
composite_layer,Ni63,NiFe2O4,none,diamond_ferrite,0.5,8.0,0.1,300.0,50000.0,100000.0,0.0008139423080247752,2.9081658629484925e-14,1.7053345311386562e-11,0.0017053345310533896,0.6938821731754686,0.2991091117550444,0.0,0.010697777293783961,0.989302222706216,0.27888361678049634,0.1412646899038708,0.0,300.00000000005514,2.6944387170614963,69.2820323027551,1.9984794605169825e+18,91266204966.15784,0.0,1.9883694605169825e+18
composite_layer,Ni63,CoFe2O4,none,diamond_ferrite,0.5,8.0,0.1,300.0,50000.0,100000.0,0.0006960290720615413,2.126604287785692e-14,1.4582881361006892e-11,0.0014582881360277748,0.5625606887769222,0.2992870975995864,0.0,0.009259945349377241,0.9907400546506228,0.27850266296869775,0.1518764234684585,0.0,300.0000000000616,1.7041126723312634,61.96773353931865,1.4879891815751148e+18,83815902519.94087,0.0,1.4678791815751148e+18
composite_layer,Ni63,Fe3O4,none,diamond_ferrite,1.0,8.0,0.1,300.0,50000.0,100000.0,0.000672598535337618,1.9858377403484735e-14,1.409197551959187e-11,0.001409197551888727,0.4154174488636812,0.15534533804104145,0.0,0.0075690672589388,0.9924309327410612,0.2774747271715849,0.16939153381630298,0.0,300.000000000764,0.8,4.999999999999999,8.790328682092566e+17,67052722015.9527,0.0,8.509228682092566e+17
composite_layer,Ni63,NiFe2O4,none,diamond_ferrite,1.0,8.0,0.1,300.0,50000.0,100000.0,3.844506396201098e-05,6.488033762051888e-17,8.054833184105237e-13,8.054833183702494e-05,0.47307879412936665,0.15552765709896177,0.0,0.0004821373293091291,0.9995178626706909,0.27715226853979513,0.25483473335379436,0.0,300.0000000009549,0.02,4.0,7.785910221179372e+17,52152117123.51876,0.0,7.714810221179372e+17
composite_layer,Ni63,CoFe2O4,none,diamond_ferrite,1.0,8.0,0.1,300.0,50000.0,100000.0,3.0332964859232733e-05,4.038886506181125e-17,6.355223447199216e-13,6.355223446881455e-05,0.3640925697865229,0.1568262461972707,0.0,0.00039092084905489877,0.9996090791509451,0.2748625702150344,0.2760582004829697,0.0,300.00000000119365,0.007999999999999997,3.2,4.280156914563065e+17,37251512231.08482,0.0,4.139056914563065e+17
composite_layer,Ni63,Fe3O4,none,diamond_graphene,0.0,8.0,0.1,300.0,50000.0,100000.0,0.0840049314785051,3.097715218763455e-10,1.760032732342879e-09,0.17600327322548776,1.3088203121607294,0.1234774921356171,0.0,0.7588811790743524,0.24111882092564763,0.2795846565410563,0.0,0.0,300.0000000000032,1200.0,1200.0,5.385126945339667e+18,130380292808.7969,0.0,5.385016945339667e+18
composite_layer,Ni63,Fe3O4,none,diamond_graphene,0.5,8.0,0.1,300.0,50000.0,100000.0,0.08631485944667443,3.27041646764163e-10,1.8084292819475002e-09,0.18084292818570785,0.9132436821814263,0.2989052583514926,0.0,0.974499518308803,0.025500481691197008,0.2793203553161498,0.0,0.0,300.00000000000284,1905.2558883257661,1341.6407864998732,3.287839801630394e+18,114082756207.6973,0.0,3.287629801630394e+18
composite_layer,Ni63,Fe3O4,none,diamond_graphene,1.0,8.0,0.1,300.0,50000.0,100000.0,0.10686894337069382,5.013430012240715e-10,2.239069005745778e-09,0.22390690056338244,0.7011217724622578,0.15450256132309403,0.0,0.9999999999997483,2.51687559682523e-13,0.2789684874922038,0.0,0.0,300.00000000000256,10000.00000000001,1500.0,2.163568432830343e+18,97785219606.59769,0.0,2.163388432830343e+18
composite_layer,Ni63,Fe3O4,none,diamond_hea,0.0,8.0,0.1,300.0,50000.0,100000.0,0.0840049314785051,3.097715218763455e-10,1.760032732342879e-09,0.17600327322548776,1.3088203121607294,0.1234774921356171,0.0,0.7588811790743524,0.24111882092564763,0.2795846565410563,0.0,0.0,300.0000000000032,1200.0,1200.0,5.385126945339667e+18,130380292808.7969,0.0,5.385016945339667e+18
composite_layer,Ni63,Fe3O4,none,diamond_hea,0.5,8.0,0.1,300.0,50000.0,100000.0,0.02094610813500233,1.9259216183423853e-11,4.388532349702667e-10,0.04388532349483241,0.7609373706450058,0.29912942208451265,0.0,0.2518290528902969,0.7481709471097031,0.27884012813861014,0.06126468990387083,0.0,300.000000000026,85.20563361656316,146.96938456699075,1.9232478167336305e+18,80090751296.8324,0.0,1.9206378167336305e+18
composite_layer,Ni63,Fe3O4,none,diamond_hea,1.0,8.0,0.1,300.0,50000.0,100000.0,0.022165614550662693,2.1567086450337047e-11,4.6440377314805917e-10,0.0464403773124839,0.5372495162947124,0.15638696979546518,0.0,0.22859494558256377,0.7714050544174362,0.27563573005254693,0.09483473335379435,0.0,300.0000000002122,19.999999999999996,17.999999999999996,5.052588100576159e+17,29801209784.86786,0.0,5.033988100576159e+17
composite_layer,Ni63,Fe3O4,none,diamond_ferrite,0.0,8.0,0.5,300.0,50000.0,100000.0,0.0840049314785051,3.097715218763455e-10,1.760032732342879e-09,0.17600327322548776,1.3088203121607294,0.1234774921356171,0.0,0.7588811790743524,0.24111882092564763,0.2795846565410563,0.0,0.0,300.0000000000032,1200.0,1200.0,5.385126945339667e+18,130380292808.7969,0.0,5.385016945339667e+18
composite_layer,Ni63,NiFe2O4,none,diamond_ferrite,0.0,8.0,0.5,300.0,50000.0,100000.0,0.0840049314785051,3.097715218763455e-10,1.760032732342879e-09,0.17600327322548776,1.3088203121607294,0.1234774921356171,0.0,0.7588811790743524,0.24111882092564763,0.2795846565410563,0.0,0.0,300.0000000000032,1200.0,1200.0,5.385126945339667e+18,130380292808.7969,0.0,5.385016945339667e+18
composite_layer,Ni63,CoFe2O4,none,diamond_ferrite,0.0,8.0,0.5,300.0,50000.0,100000.0,0.0840049314785051,3.097715218763455e-10,1.760032732342879e-09,0.17600327322548776,1.3088203121607294,0.1234774921356171,0.0,0.7588811790743524,0.24111882092564763,0.2795846565410563,0.0,0.0,300.0000000000032,1200.0,1200.0,5.385126945339667e+18,130380292808.7969,0.0,5.385016945339667e+18
composite_layer,Ni63,Fe3O4,none,diamond_ferrite,0.5,8.0,0.5,300.0,50000.0,100000.0,0.004675959386831899,9.597837362711625e-13,9.796855292996583e-11,0.009796855292506741,0.6281779683259665,0.299120134934722,0.0,0.05854335722170734,0.9414566427782927,0.27886001330816296,0.09854309013512516,0.0,300.00000000004934,17.041126723312637,77.45966692414831,1.9569352190158687e+18,98716507412.37482,0.0,1.9168252190158687e+18
composite_layer,Ni63,NiFe2O4,none,diamond_ferrite,0.5,8.0,0.5,300.0,50000.0,100000.0,0.0008139423080247752,2.9081658629484925e-14,1.7053345311386562e-11,0.0017053345310533896,0.6938821731754686,0.2991091117550444,0.0,0.010697777293783961,0.989302222706216,0.27888361678049634,0.1412646899038708,0.0,300.00000000005514,2.6944387170614963,69.2820323027551,1.9984794605169825e+18,91266204966.15784,0.0,1.9883694605169825e+18
composite_layer,Ni63,CoFe2O4,none,diamond_ferrite,0.5,8.0,0.5,300.0,50000.0,100000.0,0.0006960290720615413,2.126604287785692e-14,1.4582881361006892e-11,0.0014582881360277748,0.5625606887769222,0.2992870975995864,0.0,0.009259945349377241,0.9907400546506228,0.27850266296869775,0.1518764234684585,0.0,300.0000000000616,1.7041126723312634,61.96773353931865,1.4879891815751148e+18,83815902519.94087,0.0,1.4678791815751148e+18
composite_layer,Ni63,Fe3O4,none,diamond_ferrite,1.0,8.0,0.5,300.0,50000.0,100000.0,0.000672598535337618,1.9858377403484735e-14,1.409197551959187e-11,0.001409197551888727,0.4154174488636812,0.15534533804104145,0.0,0.0075690672589388,0.9924309327410612,0.2774747271715849,0.16939153381630298,0.0,300.000000000764,0.8,4.999999999999999,8.790328682092566e+17,67052722015.9527,0.0,8.509228682092566e+17
composite_layer,Ni63,NiFe2O4,none,diamond_ferrite,1.0,8.0,0.5,300.0,50000.0,100000.0,3.844506396201098e-05,6.488033762051888e-17,8.054833184105237e-13,8.054833183702494e-05,0.47307879412936665,0.15552765709896177,0.0,0.0004821373293091291,0.9995178626706909,0.27715226853979513,0.25483473335379436,0.0,300.0000000009549,0.02,4.0,7.785910221179372e+17,52152117123.51876,0.0,7.714810221179372e+17
composite_layer,Ni63,CoFe2O4,none,diamond_ferrite,1.0,8.0,0.5,300.0,50000.0,100000.0,3.0332964859232733e-05,4.038886506181125e-17,6.355223447199216e-13,6.355223446881455e-05,0.3640925697865229,0.1568262461972707,0.0,0.00039092084905489877,0.9996090791509451,0.2748625702150344,0.2760582004829697,0.0,300.00000000119365,0.007999999999999997,3.2,4.280156914563065e+17,37251512231.08482,0.0,4.139056914563065e+17
composite_layer,Ni63,Fe3O4,none,diamond_graphene,0.0,8.0,0.5,300.0,50000.0,100000.0,0.0840049314785051,3.097715218763455e-10,1.760032732342879e-09,0.17600327322548776,1.3088203121607294,0.1234774921356171,0.0,0.7588811790743524,0.24111882092564763,0.2795846565410563,0.0,0.0,300.0000000000032,1200.0,1200.0,5.385126945339667e+18,130380292808.7969,0.0,5.385016945339667e+18
composite_layer,Ni63,Fe3O4,none,diamond_graphene,0.5,8.0,0.5,300.0,50000.0,100000.0,0.08631485944667443,3.27041646764163e-10,1.8084292819475002e-09,0.18084292818570785,0.9132436821814263,0.2989052583514926,0.0,0.974499518308803,0.025500481691197008,0.2793203553161498,0.0,0.0,300.00000000000284,1905.2558883257661,1341.6407864998732,3.287839801630394e+18,114082756207.6973,0.0,3.287629801630394e+18
composite_layer,Ni63,Fe3O4,none,diamond_graphene,1.0,8.0,0.5,300.0,50000.0,100000.0,0.10686894337069382,5.013430012240715e-10,2.239069005745778e-09,0.22390690056338244,0.7011217724622578,0.15450256132309403,0.0,0.9999999999997483,2.51687559682523e-13,0.2789684874922038,0.0,0.0,300.00000000000256,10000.00000000001,1500.0,2.163568432830343e+18,97785219606.59769,0.0,2.163388432830343e+18
composite_layer,Ni63,Fe3O4,none,diamond_hea,0.0,8.0,0.5,300.0,50000.0,100000.0,0.0840049314785051,3.097715218763455e-10,1.760032732342879e-09,0.17600327322548776,1.3088203121607294,0.1234774921356171,0.0,0.7588811790743524,0.24111882092564763,0.2795846565410563,0.0,0.0,300.0000000000032,1200.0,1200.0,5.385126945339667e+18,130380292808.7969,0.0,5.385016945339667e+18
composite_layer,Ni63,Fe3O4,none,diamond_hea,0.5,8.0,0.5,300.0,50000.0,100000.0,0.02094610813500233,1.9259216183423853e-11,4.388532349702667e-10,0.04388532349483241,0.7609373706450058,0.29912942208451265,0.0,0.2518290528902969,0.7481709471097031,0.27884012813861014,0.06126468990387083,0.0,300.000000000026,85.20563361656316,146.96938456699075,1.9232478167336305e+18,80090751296.8324,0.0,1.9206378167336305e+18
composite_layer,Ni63,Fe3O4,none,diamond_hea,1.0,8.0,0.5,300.0,50000.0,100000.0,0.022165614550662693,2.1567086450337047e-11,4.6440377314805917e-10,0.0464403773124839,0.5372495162947124,0.15638696979546518,0.0,0.22859494558256377,0.7714050544174362,0.27563573005254693,0.09483473335379435,0.0,300.0000000002122,19.999999999999996,17.999999999999996,5.052588100576159e+17,29801209784.86786,0.0,5.033988100576159e+17
embedded_graphene_fingers,Ni63,Fe3O4,none,diamond_graphene,0.0,8.0,0.1,300.0,50000.0,100000.0,0.08400496288556225,3.097717535059305e-10,1.760033390369112e-09,0.17600333902811105,1.3088192184648026,0.12347749233759064,0.0,0.7588814626082647,0.24111853739173528,0.27958465619449535,0.0,0.0,300.0000000000032,1200.0,1200.0,5.385122445339667e+18,130380292808.7969,0.0,5.385016945339667e+18
embedded_graphene_fingers,Ni63,Fe3O4,none,diamond_graphene,0.5,8.0,0.1,300.0,50000.0,100000.0,0.10034116888689935,4.4196740085720393e-10,2.1023020736309573e-09,0.21023020735258421,0.9132299328612052,0.18497736836958967,0.0,0.9745009172118911,0.025499082788108862,0.27932034510845793,0.0,0.0,300.00000000000284,1905.2558883257661,1341.6407864998732,3.287790301630394e+18,114082756207.6973,0.0,3.287629801630394e+18
embedded_graphene_fingers,Ni63,Fe3O4,none,diamond_graphene,1.0,8.0,0.1,300.0,50000.0,100000.0,0.10938839390206861,5.252601063502669e-10,2.2918553758396927e-09,0.22918553757251,0.7011101063723734,0.1345698595441508,0.0,0.9999999999997484,2.5157653738006047e-13,0.27896847039163014,0.0,0.0,300.00000000000256,10000.00000000001,1500.0,2.163532432830343e+18,97785219606.59769,0.0,2.163388432830343e+18
embedded_graphene_fingers,Ni63,Fe3O4,none,diamond_graphene,0.0,8.0,0.5,300.0,50000.0,100000.0,0.08400496288556225,3.097717535059305e-10,1.760033390369112e-09,0.17600333902811105,1.3088192184648026,0.12347749233759064,0.0,0.7588814626082647,0.24111853739173528,0.27958465619449535,0.0,0.0,300.0000000000032,1200.0,1200.0,5.385122445339667e+18,130380292808.7969,0.0,5.385016945339667e+18
embedded_graphene_fingers,Ni63,Fe3O4,none,diamond_graphene,0.5,8.0,0.5,300.0,50000.0,100000.0,0.10034116888689935,4.4196740085720393e-10,2.1023020736309573e-09,0.21023020735258421,0.9132299328612052,0.18497736836958967,0.0,0.9745009172118911,0.025499082788108862,0.27932034510845793,0.0,0.0,300.00000000000284,1905.2558883257661,1341.6407864998732,3.287790301630394e+18,114082756207.6973,0.0,3.287629801630394e+18
embedded_graphene_fingers,Ni63,Fe3O4,none,diamond_graphene,1.0,8.0,0.5,300.0,50000.0,100000.0,0.10938839390206861,5.252601063502669e-10,2.2918553758396927e-09,0.22918553757251,0.7011101063723734,0.1345698595441508,0.0,0.9999999999997484,2.5157653738006047e-13,0.27896847039163014,0.0,0.0,300.00000000000256,10000.00000000001,1500.0,2.163532432830343e+18,97785219606.59769,0.0,2.163388432830343e+18
diamond_high_entropy_alloy,Ni63,Fe3O4,none,none,0.0,8.0,0.1,300.0,50000.0,100000.0,0.004608570628623899,9.32318755219331e-13,9.655665462649102e-11,0.009655665462166318,0.5365267655698374,0.3362695155827685,0.0,0.06068929993968142,0.9393107000603186,0.2789763650193238,0.09483473335379433,0.0,300.00000000021487,20.0,18.0,2.1802800434588347e+18,128770659564.24387,0.0,2.1751800434588347e+18
diamond_high_entropy_alloy,Ni63,Fe3O4,none,none,0.0,8.0,0.5,300.0,50000.0,100000.0,0.004598095660103806,9.28085377168344e-13,9.633718789827468e-11,0.009633718789345783,0.5365887416723487,0.33626934086478855,0.0,0.06054712312859378,0.9394528768714062,0.27892613260739857,0.09483473335379433,0.0,300.0000000002255,20.0,18.0,2.0779186296490068e+18,122710863820.04414,0.0,2.0728186296490068e+18
diamond_ideal_defect_sink,Ni63,Fe3O4,none,none,0.0,8.0,0.1,300.0,50000.0,100000.0,0.02297217206985848,2.3165199614934863e-11,4.813023957564841e-10,0.0481302395732419,0.22802107109388686,0.3326166293952001,0.0,0.29340848673228115,0.7065915132677189,0.27760327227657894,0.073611266224619,0.0,300.0000000000483,50.0,80.0,9.266076227643443e+17,128770659564.24387,0.0,9.264076227643443e+17
diamond_ideal_defect_sink,Ni63,Fe3O4,none,none,0.0,8.0,0.5,300.0,50000.0,100000.0,0.022955500730013404,2.3131588968130755e-11,4.809531055028893e-10,0.048095310547884164,0.22802350152927947,0.33261644067024687,0.0,0.29314788462095565,0.7068521153790444,0.2774860045929798,0.073611266224619,0.0,300.0000000000507,50.0,80.0,8.83011969928375e+17,122710863820.04414,0.0,8.82811969928375e+17
baseline,Ni63,Fe3O4,strong,none,0.0,8.0,0.3,300.0,50000.0,1000.0,0.07863056778945027,2.714030656843853e-10,1.6474315333207492e-09,0.16474315332383777,1.3189962531035195,0.18240676816247126,0.007774734037204412,0.7615251273244269,0.2384748726755731,0.27958140698562944,0.0,0.0,300.0000000000032,1200.0,1200.0,5.343259870803812e+18,130380292808.7969,1.9030882588078261e-10,5.343149870803812e+18
ferrite_transport,Ni63,Fe3O4,strong,none,0.0,8.0,0.1,300.0,50000.0,1000.0,0.0002947995207335835,3.814920322964072e-15,6.1765041270566785e-12,0.0006176504126747854,0.4234584097199441,0.3376999403440678,0.0036544735070678236,0.00423810407277192,0.9957618959272281,0.2786948467013545,0.16939153381630298,0.0,300.0000000007735,0.8,5.0,1.7082734847505608e+18,128770659564.24387,2.8902876041358327e-10,1.6281734847505608e+18
ferrite_transport,Ni63,NiFe2O4,strong,none,0.0,8.0,0.1,300.0,50000.0,1000.0,1.6781836650287713e-05,1.2362630941098953e-17,3.5160533189525276e-13,3.516053318776725e-05,0.47506547615707595,0.33231965485137227,0.002842280634257066,0.0002668089770474502,0.9997331910229525,0.27883791942179137,0.25483473335379436,0.0,300.00000000096685,0.02,4.0,1.9195771766643817e+18,128770659564.24387,1.9268584027572216e-10,1.8994771766643817e+18
ferrite_transport,Ni63,CoFe2O4,strong,none,0.0,8.0,0.1,300.0,50000.0,1000.0,1.0969008721911173e-05,5.2816143774126666e-18,2.2981763156200064e-13,2.2981763155050976e-05,0.36291069181189073,0.3350125287199436,0.0025625609475179445,0.0001801431987787927,0.9998198568012212,0.27848158100022624,0.2760582004829697,0.0,300.0000000012086,0.008,3.2,1.4672186322310994e+18,128770659564.24387,2.312230083308666e-10,1.4271186322310994e+18
ferrite_transport,Ni63,Fe3O4,strong,none,0.0,8.0,0.5,300.0,50000.0,1000.0,0.00029205129175434815,3.74412369861749e-15,6.118924496024359e-12,0.0006118924495718413,0.4245186616764787,0.33769990510948944,0.0038341030179797064,0.004198238359858886,0.9958017616401411,0.2786336246435181,0.16939153381630298,0.0,300.0000000008117,0.8,5.0,1.6313738289948529e+18,122710863820.04414,3.032901636626637e-10,1.5512738289948529e+18
ferrite_transport,Ni63,NiFe2O4,strong,none,0.0,8.0,0.5,300.0,50000.0,1000.0,1.647567166049446e-05,1.1915662190235899e-17,3.4519070368177184e-13,3.451907036645123e-05,0.47537813254337835,0.3323196489612231,0.002982107656180566,0.00026192077194675534,0.9997380792280532,0.27878124169559104,0.25483473335379436,0.0,300.0000000010146,0.02,4.0,1.8299361944830147e+18,122710863820.04414,2.021934424417758e-10,1.8098361944830147e+18
ferrite_transport,Ni63,CoFe2O4,strong,none,0.0,8.0,0.5,300.0,50000.0,1000.0,1.0749615862446078e-05,5.072450476623791e-18,2.252210131599051e-13,2.25221013148644e-05,0.36344752308195094,0.33501250480863864,0.0026886641623553587,0.00017652235422493945,0.9998234776457751,0.27840896454429026,0.2760582004829697,0.0,300.0000000012683,0.008,3.2,1.3998881724233654e+18,122710863820.04414,2.4263213093013094e-10,1.3597881724233654e+18
ferrite_graphene,Ni63,Fe3O4,strong,none,0.0,8.0,0.1,300.0,50000.0,1000.0,0.00022200200235629686,2.1634442524846866e-15,4.651283965307707e-12,0.0004651283965075143,0.4234584097199441,0.5012476986447084,0.0036544735070678236,0.00423810407277192,0.9957618959272281,0.2786948467013545,0.16939153381630298,0.0,300.0000000007735,0.8,5.0,1.7082734847505608e+18,128770659564.24387,2.8902876041358327e-10,1.6281734847505608e+18
ferrite_graphene,Ni63,NiFe2O4,strong,none,0.0,8.0,0.1,300.0,50000.0,1000.0,1.2639085535282726e-05,7.012344301167293e-18,2.64808313719904e-13,2.6480831370666358e-05,0.47506547615707595,0.49714270443599395,0.002842280634257066,0.0002668089770474502,0.9997331910229525,0.27883791942179137,0.25483473335379436,0.0,300.00000000096685,0.02,4.0,1.9195771766643817e+18,128770659564.24387,1.9268584027572216e-10,1.8994771766643817e+18
ferrite_graphene,Ni63,CoFe2O4,strong,none,0.0,8.0,0.1,300.0,50000.0,1000.0,8.259026328315884e-06,2.994260814082128e-18,1.7303932542147293e-13,1.7303932541282097e-05,0.36291069181189073,0.4993030662532586,0.0025625609475179445,0.0001801431987787927,0.9998198568012212,0.27848158100022624,0.2760582004829697,0.0,300.0000000012086,0.008,3.2,1.4672186322310994e+18,128770659564.24387,2.312230083308666e-10,1.4271186322310994e+18
ferrite_graphene,Ni63,Fe3O4,strong,none,0.0,8.0,0.5,300.0,50000.0,1000.0,0.00022010041553352497,2.1265404620878552e-15,4.611442791788902e-12,0.00046114427915583297,0.4245186616764787,0.5008666963339186,0.0038341030179797064,0.004198238359858886,0.9958017616401411,0.2786336246435181,0.16939153381630298,0.0,300.0000000008117,0.8,5.0,1.6313738289948529e+18,122710863820.04414,3.032901636626637e-10,1.5512738289948529e+18
ferrite_graphene,Ni63,NiFe2O4,strong,none,0.0,8.0,0.5,300.0,50000.0,1000.0,1.2416935110962369e-05,6.7680062132619905e-18,2.6015392008579056e-13,2.601539200727829e-05,0.47537813254337835,0.49680087315698196,0.002982107656180566,0.00026192077194675534,0.9997380792280532,0.27878124169559104,0.25483473335379436,0.0,300.0000000010146,0.02,4.0,1.8299361944830147e+18,122710863820.04414,2.021934424417758e-10,1.8098361944830147e+18
ferrite_graphene,Ni63,CoFe2O4,strong,none,0.0,8.0,0.5,300.0,50000.0,1000.0,8.101027831910234e-06,2.8807938025479216e-18,1.6972901350953411e-13,1.6972901350104766e-05,0.36344752308195094,0.4988581661566779,0.0026886641623553587,0.00017652235422493945,0.9998234776457751,0.27840896454429026,0.2760582004829697,0.0,300.0000000012683,0.008,3.2,1.3998881724233654e+18,122710863820.04414,2.4263213093013094e-10,1.3597881724233654e+18
graded_interface,Ni63,Fe3O4,strong,none,0.0,8.0,0.1,300.0,50000.0,1000.0,0.0003043867451215117,4.067086403338194e-15,6.377371248046916e-12,0.0006377371247728048,0.4234584097199441,0.3161611696287724,0.0036544735070678236,0.00423810407277192,0.9957618959272281,0.2786948467013545,0.16939153381630298,0.0,300.0000000007735,0.8,5.0,1.7082734847505608e+18,128770659564.24387,2.8902876041358327e-10,1.6281734847505608e+18
graded_interface,Ni63,NiFe2O4,strong,none,0.0,8.0,0.1,300.0,50000.0,1000.0,1.7236477521332757e-05,1.304154247735308e-17,3.611307585626729e-13,3.611307585446164e-05,0.47506547615707595,0.3142313621320635,0.002842280634257066,0.0002668089770474502,0.9997331910229525,0.27883791942179137,0.25483473335379436,0.0,300.00000000096685,0.02,4.0,1.9195771766643817e+18,128770659564.24387,1.9268584027572216e-10,1.8994771766643817e+18
graded_interface,Ni63,CoFe2O4,strong,none,0.0,8.0,0.1,300.0,50000.0,1000.0,1.1295872466268425e-05,5.601076269074177e-18,2.3666593057206674e-13,2.3666593056023344e-05,0.36291069181189073,0.3151966729462973,0.0025625609475179445,0.0001801431987787927,0.9998198568012212,0.27848158100022624,0.2760582004829697,0.0,300.0000000012086,0.008,3.2,1.4672186322310994e+18,128770659564.24387,2.312230083308666e-10,1.4271186322310994e+18
graded_interface,Ni63,Fe3O4,strong,none,0.0,8.0,0.5,300.0,50000.0,1000.0,0.00030154913010202775,3.991609848911311e-15,6.317918841763395e-12,0.0006317918841447499,0.4245186616764787,0.31616115689462454,0.0038341030179797064,0.004198238359858886,0.9958017616401411,0.2786336246435181,0.16939153381630298,0.0,300.0000000008117,0.8,5.0,1.6313738289948529e+18,122710863820.04414,3.032901636626637e-10,1.5512738289948529e+18
graded_interface,Ni63,NiFe2O4,strong,none,0.0,8.0,0.5,300.0,50000.0,1000.0,1.692201804334438e-05,1.2570027654957889e-17,3.545423480430284e-13,3.545423480253013e-05,0.47537813254337835,0.31423136001451446,0.002982107656180566,0.00026192077194675534,0.9997380792280532,0.27878124169559104,0.25483473335379436,0.0,300.0000000010146,0.02,4.0,1.8299361944830147e+18,122710863820.04414,2.021934424417758e-10,1.8098361944830147e+18
graded_interface,Ni63,CoFe2O4,strong,none,0.0,8.0,0.5,300.0,50000.0,1000.0,1.1069941695198703e-05,5.37926070183484e-18,2.319323328495577e-13,2.319323328379611e-05,0.36344752308195094,0.31519666432717397,0.0026886641623553587,0.00017652235422493945,0.9998234776457751,0.27840896454429026,0.2760582004829697,0.0,300.0000000012683,0.008,3.2,1.3998881724233654e+18,122710863820.04414,2.4263213093013094e-10,1.3597881724233654e+18
composite_layer,Ni63,Fe3O4,strong,diamond_ferrite,0.0,8.0,0.1,300.0,50000.0,1000.0,0.08432101920171939,3.1210707973129714e-10,1.7666552571084787e-09,0.1766655257020146,1.3189962531035195,0.12323799078279463,0.007774734037204412,0.7615251273244269,0.2384748726755731,0.27958140698562944,0.0,0.0,300.0000000000032,1200.0,1200.0,5.343259870803812e+18,130380292808.7969,1.9030882588078261e-10,5.343149870803812e+18
composite_layer,Ni63,NiFe2O4,strong,diamond_ferrite,0.0,8.0,0.1,300.0,50000.0,1000.0,0.08432101920171939,3.1210707973129714e-10,1.7666552571084787e-09,0.1766655257020146,1.3189962531035195,0.12323799078279463,0.007774734037204412,0.7615251273244269,0.2384748726755731,0.27958140698562944,0.0,0.0,300.0000000000032,1200.0,1200.0,5.343259870803812e+18,130380292808.7969,1.9030882588078261e-10,5.343149870803812e+18
composite_layer,Ni63,CoFe2O4,strong,diamond_ferrite,0.0,8.0,0.1,300.0,50000.0,1000.0,0.08432101920171939,3.1210707973129714e-10,1.7666552571084787e-09,0.1766655257020146,1.3189962531035195,0.12323799078279463,0.007774734037204412,0.7615251273244269,0.2384748726755731,0.27958140698562944,0.0,0.0,300.0000000000032,1200.0,1200.0,5.343259870803812e+18,130380292808.7969,1.9030882588078261e-10,5.343149870803812e+18
composite_layer,Ni63,Fe3O4,strong,diamond_ferrite,0.5,8.0,0.1,300.0,50000.0,1000.0,0.00470012043861969,9.69727918127903e-13,9.847476418739927e-11,0.009847476418247554,0.6312913462931158,0.2985937945203826,0.004855708233781675,0.05880125460978003,0.94119874539022,0.2788545876965153,0.09854309013512516,0.0,300.00000000004934,17.041126723312637,77.45966692414831,1.947627675017173e+18,98716507412.37482,2.5128950592634694e-10,1.907517675017173e+18
composite_layer,Ni63,NiFe2O4,strong,diamond_ferrite,0.5,8.0,0.1,300.0,50000.0,1000.0,0.0008188003101698298,2.9429841464213326e-14,1.7155127940556088e-11,0.0017155127939698332,0.6979874425914857,0.29859368907654493,0.005886248021372498,0.010753621040052952,0.989246378959947,0.27887706657488986,0.1412646899038708,0.0,300.00000000005514,2.6944387170614963,69.2820323027551,1.986775424714257e+18,91266204966.15784,2.7178048310335867e-10,1.976665424714257e+18
composite_layer,Ni63,CoFe2O4,strong,diamond_ferrite,0.5,8.0,0.1,300.0,50000.0,1000.0,0.0006998560979752012,2.1500542972235384e-14,1.46630634498083e-11,0.0014663063449075148,0.5655006259934926,0.29859548304932637,0.005155591814328786,0.009301580911506346,0.9906984190884937,0.2784950498518107,0.1518764234684585,0.0,300.0000000000616,1.7041126723312634,61.96773353931865,1.4804213956821624e+18,83815902519.94087,2.959099596065496e-10,1.4603113956821624e+18
composite_layer,Ni63,Fe3O4,strong,diamond_ferrite,1.0,8.0,0.1,300.0,50000.0,1000.0,0.0006763913060262772,2.0082970907460557e-14,1.4171439908655967e-11,0.0014171439907947395,0.41742036332865334,0.15393667141088285,0.00467068746420618,0.007598956252254485,0.9924010437477455,0.27746336163755403,0.16939153381630298,0.0,300.000000000764,0.8,4.999999999999999,8.750584734357052e+17,67052722015.9527,3.6977728645346526e-10,8.469484734357052e+17
composite_layer,Ni63,NiFe2O4,strong,diamond_ferrite,1.0,8.0,0.1,300.0,50000.0,1000.0,3.869677352842449e-05,6.573269480574689e-17,8.107570216102573e-13,8.107570215697195e-05,0.47641188785580196,0.15393856116740345,0.006980891144886647,0.000484369356606118,0.9995156306433939,0.27713263629723195,0.25483473335379436,0.0,300.0000000009549,0.02,4.0,7.73205397082186e+17,52152117123.51876,4.752257457113857e-10,7.66095397082186e+17
composite_layer,Ni63,CoFe2O4,strong,diamond_ferrite,1.0,8.0,0.1,300.0,50000.0,1000.0,3.057847060969297e-05,4.104530112014563e-17,6.406660684178451e-13,6.406660683858118e-05,0.3668516194099821,0.15395184769648318,0.007332581874557098,0.0003927264598722058,0.9996072735401278,0.274826559173194,0.2760582004829697,0.0,300.00000000119365,0.007999999999999997,3.2,4.2498069408535795e+17,37251512231.08482,6.648071213662255e-10,4.1087069408535795e+17
composite_layer,Ni63,Fe3O4,strong,diamond_graphene,0.0,8.0,0.1,300.0,50000.0,1000.0,0.08432101920171939,3.1210707973129714e-10,1.7666552571084787e-09,0.1766655257020146,1.3189962531035195,0.12323799078279463,0.007774734037204412,0.7615251273244269,0.2384748726755731,0.27958140698562944,0.0,0.0,300.0000000000032,1200.0,1200.0,5.343259870803812e+18,130380292808.7969,1.9030882588078261e-10,5.343149870803812e+18
composite_layer,Ni63,Fe3O4,strong,diamond_graphene,0.5,8.0,0.1,300.0,50000.0,1000.0,0.08640498504256586,3.277249639019613e-10,1.8103175520287802e-09,0.18103175519382644,0.9189308314776012,0.29859163258386,0.006227014356224636,0.9750751037817575,0.024924896218242454,0.27931610731485923,0.0,0.0,300.00000000000284,1905.2558883257661,1341.6407864998732,3.2673676836576896e+18,114082756207.6973,2.17471990953297e-10,3.2671576836576896e+18
composite_layer,Ni63,Fe3O4,strong,diamond_graphene,1.0,8.0,0.1,300.0,50000.0,1000.0,0.10694240266230952,5.020324617546007e-10,2.2406080910763987e-09,0.22406080909643683,0.7050350789936841,0.1539281529601776,0.005581023849719591,0.9999999999997861,2.1393997684526767e-13,0.2789627202156699,0.0,0.0,300.00000000000256,10000.00000000001,1500.0,2.1514945103905093e+18,97785219606.59769,2.536802943776525e-10,2.1513145103905093e+18
composite_layer,Ni63,Fe3O4,strong,diamond_hea,0.0,8.0,0.1,300.0,50000.0,1000.0,0.08432101920171939,3.1210707973129714e-10,1.7666552571084787e-09,0.1766655257020146,1.3189962531035195,0.12323799078279463,0.007774734037204412,0.7615251273244269,0.2384748726755731,0.27958140698562944,0.0,0.0,300.0000000000032,1200.0,1200.0,5.343259870803812e+18,130380292808.7969,1.9030882588078261e-10,5.343149870803812e+18
composite_layer,Ni63,Fe3O4,strong,diamond_hea,0.5,8.0,0.1,300.0,50000.0,1000.0,0.02109304718136495,1.9530374621600758e-11,4.419318343656324e-10,0.044193183434353585,0.7665538811923895,0.29859390253970375,0.007370890371009353,0.2533990305004943,0.7466009694995057,0.27883156303323386,0.06126468990387083,0.0,300.000000000026,85.20563361656316,146.96938456699075,1.9090910059440722e+18,80090751296.8324,3.096560503979681e-10,1.9064810059440722e+18
composite_layer,Ni63,Fe3O4,strong,diamond_hea,1.0,8.0,0.1,300.0,50000.0,1000.0,0.022496029336863347,2.2214864315488692e-11,4.713264719554742e-10,0.04713264719319078,0.544709879339862,0.15394751033663123,0.013833861280544535,0.23131441534001917,0.7686855846599808,0.2755757006960734,0.09483473335379435,0.0,300.0000000002122,19.999999999999996,17.999999999999996,4.982948607504876e+17,29801209784.86786,8.304530654003636e-10,4.964348607504876e+17
composite_layer,Ni63,Fe3O4,strong,diamond_ferrite,0.0,8.0,0.5,300.0,50000.0,1000.0,0.08432101920171939,3.1210707973129714e-10,1.7666552571084787e-09,0.1766655257020146,1.3189962531035195,0.12323799078279463,0.007774734037204412,0.7615251273244269,0.2384748726755731,0.27958140698562944,0.0,0.0,300.0000000000032,1200.0,1200.0,5.343259870803812e+18,130380292808.7969,1.9030882588078261e-10,5.343149870803812e+18
composite_layer,Ni63,NiFe2O4,strong,diamond_ferrite,0.0,8.0,0.5,300.0,50000.0,1000.0,0.08432101920171939,3.1210707973129714e-10,1.7666552571084787e-09,0.1766655257020146,1.3189962531035195,0.12323799078279463,0.007774734037204412,0.7615251273244269,0.2384748726755731,0.27958140698562944,0.0,0.0,300.0000000000032,1200.0,1200.0,5.343259870803812e+18,130380292808.7969,1.9030882588078261e-10,5.343149870803812e+18
composite_layer,Ni63,CoFe2O4,strong,diamond_ferrite,0.0,8.0,0.5,300.0,50000.0,1000.0,0.08432101920171939,3.1210707973129714e-10,1.7666552571084787e-09,0.1766655257020146,1.3189962531035195,0.12323799078279463,0.007774734037204412,0.7615251273244269,0.2384748726755731,0.27958140698562944,0.0,0.0,300.0000000000032,1200.0,1200.0,5.343259870803812e+18,130380292808.7969,1.9030882588078261e-10,5.343149870803812e+18
composite_layer,Ni63,Fe3O4,strong,diamond_ferrite,0.5,8.0,0.5,300.0,50000.0,1000.0,0.00470012043861969,9.69727918127903e-13,9.847476418739927e-11,0.009847476418247554,0.6312913462931158,0.2985937945203826,0.004855708233781675,0.05880125460978003,0.94119874539022,0.2788545876965153,0.09854309013512516,0.0,300.00000000004934,17.041126723312637,77.45966692414831,1.947627675017173e+18,98716507412.37482,2.5128950592634694e-10,1.907517675017173e+18
composite_layer,Ni63,NiFe2O4,strong,diamond_ferrite,0.5,8.0,0.5,300.0,50000.0,1000.0,0.0008188003101698298,2.9429841464213326e-14,1.7155127940556088e-11,0.0017155127939698332,0.6979874425914857,0.29859368907654493,0.005886248021372498,0.010753621040052952,0.989246378959947,0.27887706657488986,0.1412646899038708,0.0,300.00000000005514,2.6944387170614963,69.2820323027551,1.986775424714257e+18,91266204966.15784,2.7178048310335867e-10,1.976665424714257e+18
composite_layer,Ni63,CoFe2O4,strong,diamond_ferrite,0.5,8.0,0.5,300.0,50000.0,1000.0,0.0006998560979752012,2.1500542972235384e-14,1.46630634498083e-11,0.0014663063449075148,0.5655006259934926,0.29859548304932637,0.005155591814328786,0.009301580911506346,0.9906984190884937,0.2784950498518107,0.1518764234684585,0.0,300.0000000000616,1.7041126723312634,61.96773353931865,1.4804213956821624e+18,83815902519.94087,2.959099596065496e-10,1.4603113956821624e+18
composite_layer,Ni63,Fe3O4,strong,diamond_ferrite,1.0,8.0,0.5,300.0,50000.0,1000.0,0.0006763913060262772,2.0082970907460557e-14,1.4171439908655967e-11,0.0014171439907947395,0.41742036332865334,0.15393667141088285,0.00467068746420618,0.007598956252254485,0.9924010437477455,0.27746336163755403,0.16939153381630298,0.0,300.000000000764,0.8,4.999999999999999,8.750584734357052e+17,67052722015.9527,3.6977728645346526e-10,8.469484734357052e+17
composite_layer,Ni63,NiFe2O4,strong,diamond_ferrite,1.0,8.0,0.5,300.0,50000.0,1000.0,3.869677352842449e-05,6.573269480574689e-17,8.107570216102573e-13,8.107570215697195e-05,0.47641188785580196,0.15393856116740345,0.006980891144886647,0.000484369356606118,0.9995156306433939,0.27713263629723195,0.25483473335379436,0.0,300.0000000009549,0.02,4.0,7.73205397082186e+17,52152117123.51876,4.752257457113857e-10,7.66095397082186e+17
composite_layer,Ni63,CoFe2O4,strong,diamond_ferrite,1.0,8.0,0.5,300.0,50000.0,1000.0,3.057847060969297e-05,4.104530112014563e-17,6.406660684178451e-13,6.406660683858118e-05,0.3668516194099821,0.15395184769648318,0.007332581874557098,0.0003927264598722058,0.9996072735401278,0.274826559173194,0.2760582004829697,0.0,300.00000000119365,0.007999999999999997,3.2,4.2498069408535795e+17,37251512231.08482,6.648071213662255e-10,4.1087069408535795e+17
composite_layer,Ni63,Fe3O4,strong,diamond_graphene,0.0,8.0,0.5,300.0,50000.0,1000.0,0.08432101920171939,3.1210707973129714e-10,1.7666552571084787e-09,0.1766655257020146,1.3189962531035195,0.12323799078279463,0.007774734037204412,0.7615251273244269,0.2384748726755731,0.27958140698562944,0.0,0.0,300.0000000000032,1200.0,1200.0,5.343259870803812e+18,130380292808.7969,1.9030882588078261e-10,5.343149870803812e+18
composite_layer,Ni63,Fe3O4,strong,diamond_graphene,0.5,8.0,0.5,300.0,50000.0,1000.0,0.08640498504256586,3.277249639019613e-10,1.8103175520287802e-09,0.18103175519382644,0.9189308314776012,0.29859163258386,0.006227014356224636,0.9750751037817575,0.024924896218242454,0.27931610731485923,0.0,0.0,300.00000000000284,1905.2558883257661,1341.6407864998732,3.2673676836576896e+18,114082756207.6973,2.17471990953297e-10,3.2671576836576896e+18
composite_layer,Ni63,Fe3O4,strong,diamond_graphene,1.0,8.0,0.5,300.0,50000.0,1000.0,0.10694240266230952,5.020324617546007e-10,2.2406080910763987e-09,0.22406080909643683,0.7050350789936841,0.1539281529601776,0.005581023849719591,0.9999999999997861,2.1393997684526767e-13,0.2789627202156699,0.0,0.0,300.00000000000256,10000.00000000001,1500.0,2.1514945103905093e+18,97785219606.59769,2.536802943776525e-10,2.1513145103905093e+18
composite_layer,Ni63,Fe3O4,strong,diamond_hea,0.0,8.0,0.5,300.0,50000.0,1000.0,0.08432101920171939,3.1210707973129714e-10,1.7666552571084787e-09,0.1766655257020146,1.3189962531035195,0.12323799078279463,0.007774734037204412,0.7615251273244269,0.2384748726755731,0.27958140698562944,0.0,0.0,300.0000000000032,1200.0,1200.0,5.343259870803812e+18,130380292808.7969,1.9030882588078261e-10,5.343149870803812e+18
composite_layer,Ni63,Fe3O4,strong,diamond_hea,0.5,8.0,0.5,300.0,50000.0,1000.0,0.02109304718136495,1.9530374621600758e-11,4.419318343656324e-10,0.044193183434353585,0.7665538811923895,0.29859390253970375,0.007370890371009353,0.2533990305004943,0.7466009694995057,0.27883156303323386,0.06126468990387083,0.0,300.000000000026,85.20563361656316,146.96938456699075,1.9090910059440722e+18,80090751296.8324,3.096560503979681e-10,1.9064810059440722e+18
composite_layer,Ni63,Fe3O4,strong,diamond_hea,1.0,8.0,0.5,300.0,50000.0,1000.0,0.022496029336863347,2.2214864315488692e-11,4.713264719554742e-10,0.04713264719319078,0.544709879339862,0.15394751033663123,0.013833861280544535,0.23131441534001917,0.7686855846599808,0.2755757006960734,0.09483473335379435,0.0,300.0000000002122,19.999999999999996,17.999999999999996,4.982948607504876e+17,29801209784.86786,8.304530654003636e-10,4.964348607504876e+17
embedded_graphene_fingers,Ni63,Fe3O4,strong,diamond_graphene,0.0,8.0,0.1,300.0,50000.0,1000.0,0.08432105078028593,3.1210731350209637e-10,1.7666559187280971e-09,0.17666559186397646,1.318995142267947,0.12323799078484954,0.007774734037204412,0.7615254121483958,0.23847458785160425,0.27958140663362446,0.0,0.0,300.0000000000032,1200.0,1200.0,5.343255370803812e+18,130380292808.7969,1.9030882588078261e-10,5.343149870803812e+18
embedded_graphene_fingers,Ni63,Fe3O4,strong,diamond_graphene,0.5,8.0,0.1,300.0,50000.0,1000.0,0.10044593916573559,4.4289083483403113e-10,2.1044971723815067e-09,0.21044971722762817,0.9189169098499909,0.1846127729349405,0.006227014356224636,0.9750764882631879,0.024923511736812065,0.2793160969791648,0.0,0.0,300.00000000000284,1905.2558883257661,1341.6407864998732,3.2673181836576896e+18,114082756207.6973,2.17471990953297e-10,3.2671576836576896e+18
embedded_graphene_fingers,Ni63,Fe3O4,strong,diamond_graphene,1.0,8.0,0.1,300.0,50000.0,1000.0,0.10946358627028364,5.259824704753424e-10,2.2934307717950447e-09,0.2293430771680373,0.7050232819555224,0.13398189967150587,0.005581023849719591,0.9999999999997862,2.1382895454280515e-13,0.27896270292333847,0.0,0.0,300.00000000000256,10000.00000000001,1500.0,2.1514585103905093e+18,97785219606.59769,2.536802943776525e-10,2.1513145103905093e+18
embedded_graphene_fingers,Ni63,Fe3O4,strong,diamond_graphene,0.0,8.0,0.5,300.0,50000.0,1000.0,0.08432105078028593,3.1210731350209637e-10,1.7666559187280971e-09,0.17666559186397646,1.318995142267947,0.12323799078484954,0.007774734037204412,0.7615254121483958,0.23847458785160425,0.27958140663362446,0.0,0.0,300.0000000000032,1200.0,1200.0,5.343255370803812e+18,130380292808.7969,1.9030882588078261e-10,5.343149870803812e+18
embedded_graphene_fingers,Ni63,Fe3O4,strong,diamond_graphene,0.5,8.0,0.5,300.0,50000.0,1000.0,0.10044593916573559,4.4289083483403113e-10,2.1044971723815067e-09,0.21044971722762817,0.9189169098499909,0.1846127729349405,0.006227014356224636,0.9750764882631879,0.024923511736812065,0.2793160969791648,0.0,0.0,300.00000000000284,1905.2558883257661,1341.6407864998732,3.2673181836576896e+18,114082756207.6973,2.17471990953297e-10,3.2671576836576896e+18
embedded_graphene_fingers,Ni63,Fe3O4,strong,diamond_graphene,1.0,8.0,0.5,300.0,50000.0,1000.0,0.10946358627028364,5.259824704753424e-10,2.2934307717950447e-09,0.2293430771680373,0.7050232819555224,0.13398189967150587,0.005581023849719591,0.9999999999997862,2.1382895454280515e-13,0.27896270292333847,0.0,0.0,300.00000000000256,10000.00000000001,1500.0,2.1514585103905093e+18,97785219606.59769,2.536802943776525e-10,2.1513145103905093e+18
diamond_high_entropy_alloy,Ni63,Fe3O4,strong,none,0.0,8.0,0.1,300.0,50000.0,1000.0,0.0046228553789184005,9.381073529726133e-13,9.685594215222516e-11,0.009685594214738236,0.537226014313754,0.3350098367121058,0.001300238347127114,0.06076198219901152,0.9392380178009885,0.2789750403055006,0.09483473335379433,0.0,300.00000000021487,20.0,18.0,2.1774517909544238e+18,128770659564.24387,7.707433611028886e-11,2.1723517909544238e+18
diamond_high_entropy_alloy,Ni63,Fe3O4,strong,none,0.0,8.0,0.5,300.0,50000.0,1000.0,0.004612625726102939,9.339601781417338e-13,9.664161516595383e-11,0.009664161516112177,0.5373226155891332,0.3350098357601615,0.0013643078353215987,0.060623290687706555,0.9393767093122934,0.2789246747462614,0.09483473335379433,0.0,300.0000000002255,20.0,18.0,2.0750906669513761e+18,122710863820.04414,8.087737697671032e-11,2.0699906669513761e+18
diamond_ideal_defect_sink,Ni63,Fe3O4,strong,none,0.0,8.0,0.1,300.0,50000.0,1000.0,0.023596893542122962,2.4442273085119465e-11,4.943912730453641e-10,0.049439127302064456,0.234173720362622,0.3296541108034101,0.02697666460272108,0.30002834666289047,0.6999716533371095,0.27753742302114653,0.073611266224619,0.0,300.0000000000483,50.0,80.0,9.016162350396265e+17,128770659564.24387,3.8537168055144434e-09,9.014162350396265e+17
diamond_ideal_defect_sink,Ni63,Fe3O4,strong,none,0.0,8.0,0.5,300.0,50000.0,1000.0,0.023605856841360195,2.4460845446503754e-11,4.945790679732291e-10,0.049457906794850015,0.23447130070361,0.3296541501825895,0.02827013056469385,0.3000908804132816,0.6999091195867184,0.2774135584691086,0.073611266224619,0.0,300.0000000000507,50.0,80.0,8.580547602744253e+17,122710863820.04414,4.043868848835516e-09,8.578547602744253e+17
baseline,Ni63,Fe3O4,strong,none,0.0,8.0,0.3,300.0,50000.0,100000.0,0.0785688078795713,2.709768892848147e-10,1.6461375680615626e-09,0.16461375679792556,1.3189962531035195,0.1830489418836524,0.007774734037204412,0.7615251273244269,0.2384748726755731,0.27958140698562944,0.0,0.0,300.0000000000032,1200.0,1200.0,5.343259870803812e+18,130380292808.7969,1.9030882588078261e-10,5.343149870803812e+18
ferrite_transport,Ni63,Fe3O4,strong,none,0.0,8.0,0.1,300.0,50000.0,100000.0,0.00029408798277209884,3.7965269092522766e-15,6.161596310569285e-12,0.0006161596310261206,0.4234584097199441,0.3392984898707636,0.0036544735070678236,0.00423810407277192,0.9957618959272281,0.2786948467013545,0.16939153381630298,0.0,300.0000000007735,0.8,5.0,1.7082734847505608e+18,128770659564.24387,2.8902876041358327e-10,1.6281734847505608e+18
ferrite_transport,Ni63,NiFe2O4,strong,none,0.0,8.0,0.1,300.0,50000.0,100000.0,1.674575921668469e-05,1.230953394223815e-17,3.508494540804307e-13,3.508494540628882e-05,0.47506547615707595,0.3337550277382685,0.002842280634257066,0.0002668089770474502,0.9997331910229525,0.27883791942179137,0.25483473335379436,0.0,300.00000000096685,0.02,4.0,1.9195771766643817e+18,128770659564.24387,1.9268584027572216e-10,1.8994771766643817e+18
ferrite_transport,Ni63,CoFe2O4,strong,none,0.0,8.0,0.1,300.0,50000.0,100000.0,1.0938223300938291e-05,5.2520094138948725e-18,2.291726295646466e-13,2.2917262955318796e-05,0.36291069181189073,0.33687887049831733,0.0025625609475179445,0.0001801431987787927,0.9998198568012212,0.27848158100022624,0.2760582004829697,0.0,300.0000000012086,0.008,3.2,1.4672186322310994e+18,128770659564.24387,2.312230083308666e-10,1.4271186322310994e+18
ferrite_transport,Ni63,Fe3O4,strong,none,0.0,8.0,0.5,300.0,50000.0,100000.0,0.00029134790327391044,3.72611041020381e-15,6.104187423719979e-12,0.000610418742341477,0.4245186616764787,0.33929501620980473,0.0038341030179797064,0.004198238359858886,0.9958017616401411,0.2786336246435181,0.16939153381630298,0.0,300.0000000008117,0.8,5.0,1.6313738289948529e+18,122710863820.04414,3.032901636626637e-10,1.5512738289948529e+18
ferrite_transport,Ni63,NiFe2O4,strong,none,0.0,8.0,0.5,300.0,50000.0,100000.0,1.644026662378921e-05,1.186450540865861e-17,3.444489136178518e-13,3.444489136006294e-05,0.47537813254337835,0.33375444614722094,0.002982107656180566,0.00026192077194675534,0.9997380792280532,0.27878124169559104,0.25483473335379436,0.0,300.0000000010146,0.02,4.0,1.8299361944830147e+18,122710863820.04414,2.021934424417758e-10,1.8098361944830147e+18
ferrite_transport,Ni63,CoFe2O4,strong,none,0.0,8.0,0.5,300.0,50000.0,100000.0,1.0719483817868276e-05,5.044053352531433e-18,2.2458970040461863e-13,2.2458970039338915e-05,0.36344752308195094,0.3368765186585462,0.0026886641623553587,0.00017652235422493945,0.9998234776457751,0.27840896454429026,0.2760582004829697,0.0,300.0000000012683,0.008,3.2,1.3998881724233654e+18,122710863820.04414,2.4263213093013094e-10,1.3597881724233654e+18
ferrite_graphene,Ni63,Fe3O4,strong,none,0.0,8.0,0.1,300.0,50000.0,100000.0,0.0002061062424695311,1.8647225254898814e-15,4.318243306696738e-12,0.00043182433064808257,0.4234584097199441,0.5369592991760929,0.0036544735070678236,0.00423810407277192,0.9957618959272281,0.2786948467013545,0.16939153381630298,0.0,300.0000000007735,0.8,5.0,1.7082734847505608e+18,128770659564.24387,2.8902876041358327e-10,1.6281734847505608e+18
ferrite_graphene,Ni63,NiFe2O4,strong,none,0.0,8.0,0.1,300.0,50000.0,100000.0,1.1808858857433043e-05,6.121358138747244e-18,2.474137857730105e-13,2.474137857606398e-05,0.47506547615707595,0.5301740136049323,0.002842280634257066,0.0002668089770474502,0.9997331910229525,0.27883791942179137,0.25483473335379436,0.0,300.00000000096685,0.02,4.0,1.9195771766643817e+18,128770659564.24387,1.9268584027572216e-10,1.8994771766643817e+18
ferrite_graphene,Ni63,CoFe2O4,strong,none,0.0,8.0,0.1,300.0,50000.0,100000.0,7.5999359512199375e-06,2.5354309655121455e-18,1.592303666276919e-13,1.5923036661973035e-05,0.36291069181189073,0.5392598986636978,0.0025625609475179445,0.0001801431987787927,0.9998198568012212,0.27848158100022624,0.2760582004829697,0.0,300.0000000012086,0.008,3.2,1.4672186322310994e+18,128770659564.24387,2.312230083308666e-10,1.4271186322310994e+18
ferrite_graphene,Ni63,Fe3O4,strong,none,0.0,8.0,0.5,300.0,50000.0,100000.0,0.0002154839555766027,2.0382704294439034e-15,4.514720843580273e-12,0.0004514720843354537,0.4245186616764787,0.5113356856993194,0.0038341030179797064,0.004198238359858886,0.9958017616401411,0.2786336246435181,0.16939153381630298,0.0,300.0000000008117,0.8,5.0,1.6313738289948529e+18,122710863820.04414,3.032901636626637e-10,1.5512738289948529e+18
ferrite_graphene,Ni63,NiFe2O4,strong,none,0.0,8.0,0.5,300.0,50000.0,100000.0,1.2182996663391604e-05,6.5153863871867735e-18,2.552525492039706e-13,2.5525254919120796e-05,0.47537813254337835,0.506281282090479,0.002982107656180566,0.00026192077194675534,0.9997380792280532,0.27878124169559104,0.25483473335379436,0.0,300.0000000010146,0.02,4.0,1.8299361944830147e+18,122710863820.04414,2.021934424417758e-10,1.8098361944830147e+18
ferrite_graphene,Ni63,CoFe2O4,strong,none,0.0,8.0,0.5,300.0,50000.0,100000.0,7.905260206273972e-06,2.7432429055024962e-18,1.6562738015315157e-13,1.656273801448702e-05,0.36344752308195094,0.5109686475615264,0.0026886641623553587,0.00017652235422493945,0.9998234776457751,0.27840896454429026,0.2760582004829697,0.0,300.0000000012683,0.008,3.2,1.3998881724233654e+18,122710863820.04414,2.4263213093013094e-10,1.3597881724233654e+18
graded_interface,Ni63,Fe3O4,strong,none,0.0,8.0,0.1,300.0,50000.0,100000.0,0.00030412839565134,4.060185421421007e-15,6.371958428634023e-12,0.0006371958428315424,0.4234584097199441,0.3167415805774776,0.0036544735070678236,0.00423810407277192,0.9957618959272281,0.2786948467013545,0.16939153381630298,0.0,300.0000000007735,0.8,5.0,1.7082734847505608e+18,128770659564.24387,2.8902876041358327e-10,1.6281734847505608e+18
graded_interface,Ni63,NiFe2O4,strong,none,0.0,8.0,0.1,300.0,50000.0,100000.0,1.7223453909389202e-05,1.3021841953168493e-17,3.608578938282989e-13,3.6085789381025604e-05,0.47506547615707595,0.3147495181538841,0.002842280634257066,0.0002668089770474502,0.9997331910229525,0.27883791942179137,0.25483473335379436,0.0,300.00000000096685,0.02,4.0,1.9195771766643817e+18,128770659564.24387,1.9268584027572216e-10,1.8994771766643817e+18
graded_interface,Ni63,CoFe2O4,strong,none,0.0,8.0,0.1,300.0,50000.0,100000.0,1.1284715618860926e-05,5.5900174521807e-18,2.364321774306577e-13,2.364321774188361e-05,0.36291069181189073,0.315873047989208,0.0025625609475179445,0.0001801431987787927,0.9998198568012212,0.27848158100022624,0.2760582004829697,0.0,300.0000000012086,0.008,3.2,1.4672186322310994e+18,128770659564.24387,2.312230083308666e-10,1.4271186322310994e+18
graded_interface,Ni63,Fe3O4,strong,none,0.0,8.0,0.5,300.0,50000.0,100000.0,0.00030129374219296274,3.9848515656821885e-15,6.3125680716182624e-12,0.0006312568071302634,0.4245186616764787,0.31674031350575116,0.0038341030179797064,0.004198238359858886,0.9958017616401411,0.2786336246435181,0.16939153381630298,0.0,300.0000000008117,0.8,5.0,1.6313738289948529e+18,122710863820.04414,3.032901636626637e-10,1.5512738289948529e+18
graded_interface,Ni63,NiFe2O4,strong,none,0.0,8.0,0.5,300.0,50000.0,100000.0,1.69092371819019e-05,1.2551047045041626e-17,3.54274569305633e-13,3.5427456928791934e-05,0.47537813254337835,0.31474930733892936,0.002982107656180566,0.00026192077194675534,0.9997380792280532,0.27878124169559104,0.25483473335379436,0.0,300.0000000010146,0.02,4.0,1.8299361944830147e+18,122710863820.04414,2.021934424417758e-10,1.8098361944830147e+18
graded_interface,Ni63,CoFe2O4,strong,none,0.0,8.0,0.5,300.0,50000.0,100000.0,1.105902171085566e-05,5.368653153682798e-18,2.317035423542599e-13,2.3170354234267472e-05,0.36344752308195094,0.3158721910742436,0.0026886641623553587,0.00017652235422493945,0.9998234776457751,0.27840896454429026,0.2760582004829697,0.0,300.0000000012683,0.008,3.2,1.3998881724233654e+18,122710863820.04414,2.4263213093013094e-10,1.3597881724233654e+18
composite_layer,Ni63,Fe3O4,strong,diamond_ferrite,0.0,8.0,0.1,300.0,50000.0,100000.0,0.08429780345172005,3.1193524114284277e-10,1.7661688513798435e-09,0.1766168851291535,1.3189962531035195,0.12347938596287689,0.007774734037204412,0.7615251273244269,0.2384748726755731,0.27958140698562944,0.0,0.0,300.0000000000032,1200.0,1200.0,5.343259870803812e+18,130380292808.7969,1.9030882588078261e-10,5.343149870803812e+18
composite_layer,Ni63,NiFe2O4,strong,diamond_ferrite,0.0,8.0,0.1,300.0,50000.0,100000.0,0.08429780345172005,3.1193524114284277e-10,1.7661688513798435e-09,0.1766168851291535,1.3189962531035195,0.12347938596287689,0.007774734037204412,0.7615251273244269,0.2384748726755731,0.27958140698562944,0.0,0.0,300.0000000000032,1200.0,1200.0,5.343259870803812e+18,130380292808.7969,1.9030882588078261e-10,5.343149870803812e+18
composite_layer,Ni63,CoFe2O4,strong,diamond_ferrite,0.0,8.0,0.1,300.0,50000.0,100000.0,0.08429780345172005,3.1193524114284277e-10,1.7661688513798435e-09,0.1766168851291535,1.3189962531035195,0.12347938596287689,0.007774734037204412,0.7615251273244269,0.2384748726755731,0.27958140698562944,0.0,0.0,300.0000000000032,1200.0,1200.0,5.343259870803812e+18,130380292808.7969,1.9030882588078261e-10,5.343149870803812e+18
composite_layer,Ni63,Fe3O4,strong,diamond_ferrite,0.5,8.0,0.1,300.0,50000.0,100000.0,0.004696576453561637,9.682660808723442e-13,9.840051224057513e-11,0.00984005122356551,0.6312913462931158,0.29912266886398897,0.004855708233781675,0.05880125460978003,0.94119874539022,0.2788545876965153,0.09854309013512516,0.0,300.00000000004934,17.041126723312637,77.45966692414831,1.947627675017173e+18,98716507412.37482,2.5128950592634694e-10,1.907517675017173e+18
composite_layer,Ni63,NiFe2O4,strong,diamond_ferrite,0.5,8.0,0.1,300.0,50000.0,100000.0,0.0008181950505084776,2.938634828997331e-14,1.7142446818188654e-11,0.0017142446817331532,0.6979874425914857,0.299112170739225,0.005886248021372498,0.010753621040052952,0.989246378959947,0.27887706657488986,0.1412646899038708,0.0,300.00000000005514,2.6944387170614963,69.2820323027551,1.986775424714257e+18,91266204966.15784,2.7178048310335867e-10,1.976665424714257e+18
composite_layer,Ni63,CoFe2O4,strong,diamond_ferrite,0.5,8.0,0.1,300.0,50000.0,100000.0,0.0006991624595323328,2.1457945036353177e-14,1.464853065581189e-11,0.0014648530655079464,0.5655006259934926,0.2992906561547207,0.005155591814328786,0.009301580911506346,0.9906984190884937,0.2784950498518107,0.1518764234684585,0.0,300.0000000000616,1.7041126723312634,61.96773353931865,1.4804213956821624e+18,83815902519.94087,2.959099596065496e-10,1.4603113956821624e+18
composite_layer,Ni63,Fe3O4,strong,diamond_ferrite,1.0,8.0,0.1,300.0,50000.0,100000.0,0.0006752600020180229,2.0015847202396997e-14,1.4147737346797824e-11,0.0014147737346090435,0.41742036332865334,0.1553517617976784,0.00467068746420618,0.007598956252254485,0.9924010437477455,0.27746336163755403,0.16939153381630298,0.0,300.000000000764,0.8,4.999999999999999,8.750584734357052e+17,67052722015.9527,3.6977728645346526e-10,8.469484734357052e+17
composite_layer,Ni63,NiFe2O4,strong,diamond_ferrite,1.0,8.0,0.1,300.0,50000.0,100000.0,3.862358428419354e-05,6.548428253584204e-17,8.092235941883817e-13,8.092235941479205e-05,0.47641188785580196,0.15553876169150216,0.006980891144886647,0.000484369356606118,0.9995156306433939,0.27713263629723195,0.25483473335379436,0.0,300.0000000009549,0.02,4.0,7.73205397082186e+17,52152117123.51876,4.752257457113857e-10,7.66095397082186e+17
composite_layer,Ni63,CoFe2O4,strong,diamond_ferrite,1.0,8.0,0.1,300.0,50000.0,100000.0,3.047384188346151e-05,4.076489661806679e-17,6.384739354124414e-13,6.384739353805177e-05,0.3668516194099821,0.15684672565280378,0.007332581874557098,0.0003927264598722058,0.9996072735401278,0.274826559173194,0.2760582004829697,0.0,300.00000000119365,0.007999999999999997,3.2,4.2498069408535795e+17,37251512231.08482,6.648071213662255e-10,4.1087069408535795e+17
composite_layer,Ni63,Fe3O4,strong,diamond_graphene,0.0,8.0,0.1,300.0,50000.0,100000.0,0.08429780345172005,3.1193524114284277e-10,1.7661688513798435e-09,0.1766168851291535,1.3189962531035195,0.12347938596287689,0.007774734037204412,0.7615251273244269,0.2384748726755731,0.27958140698562944,0.0,0.0,300.0000000000032,1200.0,1200.0,5.343259870803812e+18,130380292808.7969,1.9030882588078261e-10,5.343149870803812e+18
composite_layer,Ni63,Fe3O4,strong,diamond_graphene,0.5,8.0,0.1,300.0,50000.0,100000.0,0.08636610602601519,3.274301022649439e-10,1.8095029767350907e-09,0.18095029766446155,0.9189308314776012,0.2989072401557161,0.006227014356224636,0.9750751037817575,0.024924896218242454,0.27931610731485923,0.0,0.0,300.00000000000284,1905.2558883257661,1341.6407864998732,3.2673676836576896e+18,114082756207.6973,2.17471990953297e-10,3.2671576836576896e+18
composite_layer,Ni63,Fe3O4,strong,diamond_graphene,1.0,8.0,0.1,300.0,50000.0,100000.0,0.10686938760860921,5.013471692456809e-10,2.239078313214498e-09,0.22390783131025443,0.7050350789936841,0.15450580952864834,0.005581023849719591,0.9999999999997861,2.1393997684526767e-13,0.2789627202156699,0.0,0.0,300.00000000000256,10000.00000000001,1500.0,2.1514945103905093e+18,97785219606.59769,2.536802943776525e-10,2.1513145103905093e+18
composite_layer,Ni63,Fe3O4,strong,diamond_hea,0.0,8.0,0.1,300.0,50000.0,100000.0,0.08429780345172005,3.1193524114284277e-10,1.7661688513798435e-09,0.1766168851291535,1.3189962531035195,0.12347938596287689,0.007774734037204412,0.7615251273244269,0.2384748726755731,0.27958140698562944,0.0,0.0,300.0000000000032,1200.0,1200.0,5.343259870803812e+18,130380292808.7969,1.9030882588078261e-10,5.343149870803812e+18
composite_layer,Ni63,Fe3O4,strong,diamond_hea,0.5,8.0,0.1,300.0,50000.0,100000.0,0.021076822459198508,1.9500340740805382e-11,4.4159190144046344e-10,0.04415919014183839,0.7665538811923895,0.29913342245635177,0.007370890371009353,0.2533990305004943,0.7466009694995057,0.27883156303323386,0.06126468990387083,0.0,300.000000000026,85.20563361656316,146.96938456699075,1.9090910059440722e+18,80090751296.8324,3.096560503979681e-10,1.9064810059440722e+18
composite_layer,Ni63,Fe3O4,strong,diamond_hea,1.0,8.0,0.1,300.0,50000.0,100000.0,0.022430259470452615,2.2085158505550025e-11,4.699484919292143e-10,0.04699484919057169,0.544709879339862,0.15642104726123152,0.013833861280544535,0.23131441534001917,0.7686855846599808,0.2755757006960734,0.09483473335379435,0.0,300.0000000002122,19.999999999999996,17.999999999999996,4.982948607504876e+17,29801209784.86786,8.304530654003636e-10,4.964348607504876e+17
composite_layer,Ni63,Fe3O4,strong,diamond_ferrite,0.0,8.0,0.5,300.0,50000.0,100000.0,0.08429780345172005,3.1193524114284277e-10,1.7661688513798435e-09,0.1766168851291535,1.3189962531035195,0.12347938596287689,0.007774734037204412,0.7615251273244269,0.2384748726755731,0.27958140698562944,0.0,0.0,300.0000000000032,1200.0,1200.0,5.343259870803812e+18,130380292808.7969,1.9030882588078261e-10,5.343149870803812e+18
composite_layer,Ni63,NiFe2O4,strong,diamond_ferrite,0.0,8.0,0.5,300.0,50000.0,100000.0,0.08429780345172005,3.1193524114284277e-10,1.7661688513798435e-09,0.1766168851291535,1.3189962531035195,0.12347938596287689,0.007774734037204412,0.7615251273244269,0.2384748726755731,0.27958140698562944,0.0,0.0,300.0000000000032,1200.0,1200.0,5.343259870803812e+18,130380292808.7969,1.9030882588078261e-10,5.343149870803812e+18
composite_layer,Ni63,CoFe2O4,strong,diamond_ferrite,0.0,8.0,0.5,300.0,50000.0,100000.0,0.08429780345172005,3.1193524114284277e-10,1.7661688513798435e-09,0.1766168851291535,1.3189962531035195,0.12347938596287689,0.007774734037204412,0.7615251273244269,0.2384748726755731,0.27958140698562944,0.0,0.0,300.0000000000032,1200.0,1200.0,5.343259870803812e+18,130380292808.7969,1.9030882588078261e-10,5.343149870803812e+18
composite_layer,Ni63,Fe3O4,strong,diamond_ferrite,0.5,8.0,0.5,300.0,50000.0,100000.0,0.004696576453561637,9.682660808723442e-13,9.840051224057513e-11,0.00984005122356551,0.6312913462931158,0.29912266886398897,0.004855708233781675,0.05880125460978003,0.94119874539022,0.2788545876965153,0.09854309013512516,0.0,300.00000000004934,17.041126723312637,77.45966692414831,1.947627675017173e+18,98716507412.37482,2.5128950592634694e-10,1.907517675017173e+18
composite_layer,Ni63,NiFe2O4,strong,diamond_ferrite,0.5,8.0,0.5,300.0,50000.0,100000.0,0.0008181950505084776,2.938634828997331e-14,1.7142446818188654e-11,0.0017142446817331532,0.6979874425914857,0.299112170739225,0.005886248021372498,0.010753621040052952,0.989246378959947,0.27887706657488986,0.1412646899038708,0.0,300.00000000005514,2.6944387170614963,69.2820323027551,1.986775424714257e+18,91266204966.15784,2.7178048310335867e-10,1.976665424714257e+18
composite_layer,Ni63,CoFe2O4,strong,diamond_ferrite,0.5,8.0,0.5,300.0,50000.0,100000.0,0.0006991624595323328,2.1457945036353177e-14,1.464853065581189e-11,0.0014648530655079464,0.5655006259934926,0.2992906561547207,0.005155591814328786,0.009301580911506346,0.9906984190884937,0.2784950498518107,0.1518764234684585,0.0,300.0000000000616,1.7041126723312634,61.96773353931865,1.4804213956821624e+18,83815902519.94087,2.959099596065496e-10,1.4603113956821624e+18
composite_layer,Ni63,Fe3O4,strong,diamond_ferrite,1.0,8.0,0.5,300.0,50000.0,100000.0,0.0006752600020180229,2.0015847202396997e-14,1.4147737346797824e-11,0.0014147737346090435,0.41742036332865334,0.1553517617976784,0.00467068746420618,0.007598956252254485,0.9924010437477455,0.27746336163755403,0.16939153381630298,0.0,300.000000000764,0.8,4.999999999999999,8.750584734357052e+17,67052722015.9527,3.6977728645346526e-10,8.469484734357052e+17
composite_layer,Ni63,NiFe2O4,strong,diamond_ferrite,1.0,8.0,0.5,300.0,50000.0,100000.0,3.862358428419354e-05,6.548428253584204e-17,8.092235941883817e-13,8.092235941479205e-05,0.47641188785580196,0.15553876169150216,0.006980891144886647,0.000484369356606118,0.9995156306433939,0.27713263629723195,0.25483473335379436,0.0,300.0000000009549,0.02,4.0,7.73205397082186e+17,52152117123.51876,4.752257457113857e-10,7.66095397082186e+17
composite_layer,Ni63,CoFe2O4,strong,diamond_ferrite,1.0,8.0,0.5,300.0,50000.0,100000.0,3.047384188346151e-05,4.076489661806679e-17,6.384739354124414e-13,6.384739353805177e-05,0.3668516194099821,0.15684672565280378,0.007332581874557098,0.0003927264598722058,0.9996072735401278,0.274826559173194,0.2760582004829697,0.0,300.00000000119365,0.007999999999999997,3.2,4.2498069408535795e+17,37251512231.08482,6.648071213662255e-10,4.1087069408535795e+17
composite_layer,Ni63,Fe3O4,strong,diamond_graphene,0.0,8.0,0.5,300.0,50000.0,100000.0,0.08429780345172005,3.1193524114284277e-10,1.7661688513798435e-09,0.1766168851291535,1.3189962531035195,0.12347938596287689,0.007774734037204412,0.7615251273244269,0.2384748726755731,0.27958140698562944,0.0,0.0,300.0000000000032,1200.0,1200.0,5.343259870803812e+18,130380292808.7969,1.9030882588078261e-10,5.343149870803812e+18
composite_layer,Ni63,Fe3O4,strong,diamond_graphene,0.5,8.0,0.5,300.0,50000.0,100000.0,0.08636610602601519,3.274301022649439e-10,1.8095029767350907e-09,0.18095029766446155,0.9189308314776012,0.2989072401557161,0.006227014356224636,0.9750751037817575,0.024924896218242454,0.27931610731485923,0.0,0.0,300.00000000000284,1905.2558883257661,1341.6407864998732,3.2673676836576896e+18,114082756207.6973,2.17471990953297e-10,3.2671576836576896e+18
composite_layer,Ni63,Fe3O4,strong,diamond_graphene,1.0,8.0,0.5,300.0,50000.0,100000.0,0.10686938760860921,5.013471692456809e-10,2.239078313214498e-09,0.22390783131025443,0.7050350789936841,0.15450580952864834,0.005581023849719591,0.9999999999997861,2.1393997684526767e-13,0.2789627202156699,0.0,0.0,300.00000000000256,10000.00000000001,1500.0,2.1514945103905093e+18,97785219606.59769,2.536802943776525e-10,2.1513145103905093e+18
composite_layer,Ni63,Fe3O4,strong,diamond_hea,0.0,8.0,0.5,300.0,50000.0,100000.0,0.08429780345172005,3.1193524114284277e-10,1.7661688513798435e-09,0.1766168851291535,1.3189962531035195,0.12347938596287689,0.007774734037204412,0.7615251273244269,0.2384748726755731,0.27958140698562944,0.0,0.0,300.0000000000032,1200.0,1200.0,5.343259870803812e+18,130380292808.7969,1.9030882588078261e-10,5.343149870803812e+18
composite_layer,Ni63,Fe3O4,strong,diamond_hea,0.5,8.0,0.5,300.0,50000.0,100000.0,0.021076822459198508,1.9500340740805382e-11,4.4159190144046344e-10,0.04415919014183839,0.7665538811923895,0.29913342245635177,0.007370890371009353,0.2533990305004943,0.7466009694995057,0.27883156303323386,0.06126468990387083,0.0,300.000000000026,85.20563361656316,146.96938456699075,1.9090910059440722e+18,80090751296.8324,3.096560503979681e-10,1.9064810059440722e+18
composite_layer,Ni63,Fe3O4,strong,diamond_hea,1.0,8.0,0.5,300.0,50000.0,100000.0,0.022430259470452615,2.2085158505550025e-11,4.699484919292143e-10,0.04699484919057169,0.544709879339862,0.15642104726123152,0.013833861280544535,0.23131441534001917,0.7686855846599808,0.2755757006960734,0.09483473335379435,0.0,300.0000000002122,19.999999999999996,17.999999999999996,4.982948607504876e+17,29801209784.86786,8.304530654003636e-10,4.964348607504876e+17
embedded_graphene_fingers,Ni63,Fe3O4,strong,diamond_graphene,0.0,8.0,0.1,300.0,50000.0,100000.0,0.08429783500206002,3.1193547464038e-10,1.7661695124080723e-09,0.17661695123197638,1.318995142267947,0.12347938616802467,0.007774734037204412,0.7615254121483958,0.23847458785160425,0.27958140663362446,0.0,0.0,300.0000000000032,1200.0,1200.0,5.343255370803812e+18,130380292808.7969,1.9030882588078261e-10,5.343149870803812e+18
embedded_graphene_fingers,Ni63,Fe3O4,strong,diamond_graphene,0.5,8.0,0.1,300.0,50000.0,100000.0,0.10040074156057212,4.4249234980628233e-10,2.103550212921971e-09,0.21035502128167935,0.9189169098499909,0.18497967228647538,0.006227014356224636,0.9750764882631879,0.024923511736812065,0.2793160969791648,0.0,0.0,300.00000000000284,1905.2558883257661,1341.6407864998732,3.2673181836576896e+18,114082756207.6973,2.17471990953297e-10,3.2671576836576896e+18
embedded_graphene_fingers,Ni63,Fe3O4,strong,diamond_graphene,1.0,8.0,0.1,300.0,50000.0,100000.0,0.10938884862803222,5.252644733565996e-10,2.2918649030491804e-09,0.2291864902934587,0.7050232819555224,0.13457318443725264,0.005581023849719591,0.9999999999997862,2.1382895454280515e-13,0.27896270292333847,0.0,0.0,300.00000000000256,10000.00000000001,1500.0,2.1514585103905093e+18,97785219606.59769,2.536802943776525e-10,2.1513145103905093e+18
embedded_graphene_fingers,Ni63,Fe3O4,strong,diamond_graphene,0.0,8.0,0.5,300.0,50000.0,100000.0,0.08429783500206002,3.1193547464038e-10,1.7661695124080723e-09,0.17661695123197638,1.318995142267947,0.12347938616802467,0.007774734037204412,0.7615254121483958,0.23847458785160425,0.27958140663362446,0.0,0.0,300.0000000000032,1200.0,1200.0,5.343255370803812e+18,130380292808.7969,1.9030882588078261e-10,5.343149870803812e+18
embedded_graphene_fingers,Ni63,Fe3O4,strong,diamond_graphene,0.5,8.0,0.5,300.0,50000.0,100000.0,0.10040074156057212,4.4249234980628233e-10,2.103550212921971e-09,0.21035502128167935,0.9189169098499909,0.18497967228647538,0.006227014356224636,0.9750764882631879,0.024923511736812065,0.2793160969791648,0.0,0.0,300.00000000000284,1905.2558883257661,1341.6407864998732,3.2673181836576896e+18,114082756207.6973,2.17471990953297e-10,3.2671576836576896e+18
embedded_graphene_fingers,Ni63,Fe3O4,strong,diamond_graphene,1.0,8.0,0.5,300.0,50000.0,100000.0,0.10938884862803222,5.252644733565996e-10,2.2918649030491804e-09,0.2291864902934587,0.7050232819555224,0.13457318443725264,0.005581023849719591,0.9999999999997862,2.1382895454280515e-13,0.27896270292333847,0.0,0.0,300.00000000000256,10000.00000000001,1500.0,2.1514585103905093e+18,97785219606.59769,2.536802943776525e-10,2.1513145103905093e+18
diamond_high_entropy_alloy,Ni63,Fe3O4,strong,none,0.0,8.0,0.1,300.0,50000.0,100000.0,0.004614086967368002,9.34552013422796e-13,9.667223042164298e-11,0.009667223041680937,0.537226014313754,0.3362711583306157,0.001300238347127114,0.06076198219901152,0.9392380178009885,0.2789750403055006,0.09483473335379433,0.0,300.00000000021487,20.0,18.0,2.1774517909544238e+18,128770659564.24387,7.707433611028886e-11,2.1723517909544238e+18
diamond_high_entropy_alloy,Ni63,Fe3O4,strong,none,0.0,8.0,0.5,300.0,50000.0,100000.0,0.004603877364037681,9.30420817253909e-13,9.645832350297355e-11,0.009645832349815064,0.5373226155891332,0.3362710641953418,0.0013643078353215987,0.060623290687706555,0.9393767093122934,0.2789246747462614,0.09483473335379433,0.0,300.0000000002255,20.0,18.0,2.0750906669513761e+18,122710863820.04414,8.087737697671032e-11,2.0699906669513761e+18
diamond_ideal_defect_sink,Ni63,Fe3O4,strong,none,0.0,8.0,0.1,300.0,50000.0,100000.0,0.023489731321072314,2.4220774379091752e-11,4.921460594204001e-10,0.04921460593957927,0.234173720362622,0.3326983994183603,0.02697666460272108,0.30002834666289047,0.6999716533371095,0.27753742302114653,0.073611266224619,0.0,300.0000000000483,50.0,80.0,9.016162350396265e+17,128770659564.24387,3.8537168055144434e-09,9.014162350396265e+17
diamond_ideal_defect_sink,Ni63,Fe3O4,strong,none,0.0,8.0,0.5,300.0,50000.0,100000.0,0.02349852030581013,2.4238902797726586e-11,4.923302021909537e-10,0.04923302021663371,0.23447130070361,0.33270223276748834,0.02827013056469385,0.3000908804132816,0.6999091195867184,0.2774135584691086,0.073611266224619,0.0,300.0000000000507,50.0,80.0,8.580547602744253e+17,122710863820.04414,4.043868848835516e-09,8.578547602744253e+17
