substrate,source,geometry,bandgap_eV,mobility_cm2_Vs,carrier_lifetime_s,thermal_conductivity_W_mK,radiation_tolerance,breakdown_field_MV_cm,dielectric_constant,defect_sensitivity,fabrication_maturity,cost_relative,graphene_compatibility_score,laser_graphitic_feasible,cce,carrier_survival_fraction,mean_carrier_travel_um,recombination_loss,trap_loss,interface_loss,power_density_W_cm2,voltage_V,current_density_A_cm2,thermal_rise_K,peak_temperature_K,lifetime_years,manufacturing_yield,manufacturing_retention,manufacturable_power_W_cm2,cost_adjusted_power,lifetime_per_cost,commercialization_score,prototype_score,dominant_loss
Silicon,C14,straight_fingers,1.12,1400.0,1e-06,150.0,0.18,0.3,11.7,0.8,0.98,0.25,0.73695,False,0.12767782776107808,0.948208229981517,4.3672,0.05179177001848301,0.05665217564711045,0.096,6.682372789076743e-10,0.024,2.784321995448643e-08,2.472116193412204e-10,300.0000000002472,2.2748100147728644e-07,0.7768624999999999,0.64615,3.3543486934563963e-10,1.3417394773825585e-09,4.567542842499296e-07,7.527945304230157e-10,2.920388217112209e-10,interface
Silicon,C14,baseline,1.12,1400.0,1e-06,150.0,0.18,0.3,11.7,0.8,0.98,0.25,0.85,False,0.058240333250534494,0.5438213435921977,17.5,0.4561786564078023,0.055280898876404506,0.16,3.0481691689524015e-10,0.024,1.2700704870635005e-08,2.472116193412204e-10,300.0000000002472,2.2748100147728644e-07,0.9081999999999999,0.9363999999999999,2.592280354826743e-10,1.0369121419306972e-09,7.738343885008848e-07,7.844557648821154e-10,2.3887863469728434e-10,recombination
Silicon,C14,interdigitated_combs,1.12,1400.0,1e-06,150.0,0.18,0.3,11.7,0.8,0.98,0.25,0.686375,False,0.12529360128358408,0.9581046011096961,3.9964000000000004,0.041895398890303914,0.05755842566975769,0.12120000000000002,6.557587691964846e-10,0.024,2.7323282049853527e-08,2.472116193412204e-10,300.0000000002472,2.2748100147728644e-07,0.68777625,0.5665749999999998,2.5553399766696663e-10,1.0221359906678665e-09,3.5457630111147744e-07,4.728717700698387e-10,2.166592911843939e-10,interface
Silicon,Ni63,baseline,1.12,1400.0,1e-06,150.0,0.18,0.3,11.7,0.8,0.98,0.25,0.85,False,0.16222834613826184,0.7467868925069159,10.0,0.2532131074930841,0.055280898876404506,0.16,2.945742609625455e-10,0.024,1.2273927540106063e-08,9.941367380746153e-11,300.0000000000994,1.8471058776318204e-07,0.9081999999999999,0.9363999999999999,2.5051728674011047e-10,1.0020691469604419e-09,6.283399659889084e-07,7.580959729914712e-10,2.308516797310118e-10,recombination
Silicon,Ni63,straight_fingers,1.12,1400.0,1e-06,150.0,0.18,0.3,11.7,0.8,0.98,0.25,0.73695,False,0.2687365335363712,0.9839034759179869,3.1312,0.01609652408201312,0.05665217564711045,0.096,4.879718473653488e-10,0.024,2.0332160306889534e-08,9.941367380746153e-11,300.0000000000994,1.8471058776318204e-07,0.7768624999999999,0.64615,2.449470839653067e-10,9.797883358612269e-10,3.708764765376679e-07,5.497187141332807e-10,2.132576673450051e-10,interface
Silicon,Ni63,interdigitated_combs,1.12,1400.0,1e-06,150.0,0.18,0.3,11.7,0.8,0.98,0.25,0.686375,False,0.2625793104492507,0.9898789427755292,2.7604,0.010121057224470764,0.05755842566975769,0.12120000000000002,4.767915605434377e-10,0.024,1.9866315022643237e-08,9.941367380746153e-11,300.0000000000994,1.8471058776318204e-07,0.68777625,0.5665749999999998,1.8579462333202957e-10,7.431784933281183e-10,2.8790974437368766e-07,3.4381739105799323e-10,1.5752945504124873e-10,interface
Silicon,C14,honeycomb_mesh,1.12,1400.0,1e-06,150.0,0.18,0.3,11.7,0.8,0.98,0.25,0.6358,False,0.12055620684117324,0.9628494624100992,3.7492000000000005,0.037150537589900834,0.05911797072524249,0.1572,6.309643031030225e-10,0.024,2.6290179295959267e-08,2.472116193412204e-10,300.0000000002472,2.2748100147728644e-07,0.61978,0.4642,1.8152961369177218e-10,7.261184547670887e-10,2.617868435174963e-07,2.804087953733805e-10,1.4978189955321815e-10,interface
Silicon,Tritium,baseline,1.12,1400.0,1e-06,150.0,0.18,0.3,11.7,0.8,0.98,0.25,0.85,False,0.25516050954182307,0.9897288136160253,3.0,0.010271186383974729,0.055280898876404506,0.16,1.553486383968283e-10,0.024,6.47285993320118e-09,1.1867534560330156e-11,300.0000000000119,1.3925792442054082e-07,0.9081999999999999,0.9363999999999999,1.3211445990826827e-10,5.284578396330731e-10,4.7372119028863835e-07,3.997945264923125e-10,1.217434748054692e-10,interface
Silicon,Ni63,honeycomb_mesh,1.12,1400.0,1e-06,150.0,0.18,0.3,11.7,0.8,0.98,0.25,0.6358,False,0.25210818846193284,0.9926435336717786,2.5132000000000003,0.0073564663282214005,0.05911797072524249,0.1572,4.5777809529961416e-10,0.024,1.907408730415059e-08,9.941367380746153e-11,300.0000000000994,1.8471058776318204e-07,0.61978,0.4642,1.3170361680940578e-10,5.268144672376231e-10,2.1256633046612046e-07,2.034425776862471e-10,1.0866997126560881e-10,interface
GaAs,C14,straight_fingers,1.42,8500.0,2e-08,55.0,0.15,0.4,12.9,0.85,0.9,0.8,0.6069,False,0.1715640450295204,0.6496762821472994,4.494400000000001,0.35032371785270056,0.06109020012167085,0.1245,1.0262033756083999e-09,0.032,3.20688554877625e-08,1.4078494640834337e-09,300.00000000140784,1.0263108894493564e-07,0.6301699999999999,0.5965,3.857461596900622e-10,4.821826996125777e-10,4.8223321719545675e-08,1.659697711959936e-10,2.9629355398873524e-10,recombination
4H-SiC,C14,straight_fingers,3.26,900.0,5e-08,370.0,0.78,3.0,9.7,0.35,0.82,2.5,0.5895600000000001,False,0.10528760126180599,0.5630068028769544,4.511360000000001,0.43699319712304563,0.008740490023038892,0.0827,2.5433161215345077e-09,0.24,1.0597150506393782e-08,1.3444953085492325e-10,300.00000000013443,8.242097321172011e-07,0.49255199999999993,0.7902,9.898957425007698e-10,3.959582970003079e-10,1.2831778131587603e-07,9.428517188172312e-11,7.090643001447863e-10,recombination
Silicon,Tritium,straight_fingers,1.12,1400.0,1e-06,150.0,0.18,0.3,11.7,0.8,0.98,0.25,0.73695,False,0.3236773078636845,0.9985523647017049,1.9776,0.001447635298295058,0.05665217564711045,0.096,1.970635234537835e-10,0.024,8.210980143907645e-09,1.1867534560330156e-11,300.0000000000119,1.3925792442054082e-07,0.7768624999999999,0.64615,9.891991861119156e-11,3.9567967444476626e-10,2.796130366130199e-07,2.2199950120171631e-10,8.61224014406652e-11,interface
GaAs,Ni63,straight_fingers,1.42,8500.0,2e-08,55.0,0.15,0.4,12.9,0.85,0.9,0.8,0.6069,False,0.37319038260626924,0.7684446144008409,3.2224000000000004,0.2315553855991591,0.06109020012167085,0.1245,7.7444476097294e-10,0.032,2.4201398780404377e-08,5.132862369304837e-10,300.0000000005133,9.191776164503598e-08,0.6301699999999999,0.5965,2.9111100152081245e-10,3.6388875190101556e-10,4.318944519751989e-08,1.2525238450556774e-10,2.2360381582314366e-10,recombination
GaAs,C14,interdigitated_combs,1.42,8500.0,2e-08,55.0,0.15,0.4,12.9,0.85,0.9,0.8,0.5652499999999999,False,0.17255061294578627,0.6746901945117947,4.112800000000001,0.3253098054882053,0.062015049476623244,0.15127500000000002,1.0321044915780355e-09,0.032,3.225326536181361e-08,1.4078494640834337e-09,300.00000000140784,1.0263108894493564e-07,0.548047,0.505975,2.862005947254516e-10,3.5775074340681446e-10,3.5574254996763146e-08,9.974277117002429e-11,2.1446799316495122e-10,recombination
4H-SiC,C14,interdigitated_combs,3.26,900.0,5e-08,370.0,0.78,3.0,9.7,0.35,0.82,2.5,0.5491,False,0.10926524037181773,0.5917341364963573,4.12832,0.4082658635036427,0.009326438206298264,0.093725,2.6393995497150376e-09,0.24,1.0997498123812658e-08,1.3444953085492325e-10,300.00000000013443,8.242097321172011e-07,0.4198319999999999,0.7445749999999999,8.250668274916964e-10,3.3002673099667856e-10,1.0305800180031692e-07,6.238640375253117e-11,5.759750269378158e-10,recombination
4H-SiC,Ni63,straight_fingers,3.26,900.0,5e-08,370.0,0.78,3.0,9.7,0.35,0.82,2.5,0.5895600000000001,False,0.25210284628244595,0.6848213542205213,3.23456,0.31517864577947874,0.008740490023038892,0.0827,2.11277720754975e-09,0.24,8.803238364790625e-09,5.246998617470271e-11,300.00000000005247,6.89620212958827e-07,0.49255199999999993,0.7902,8.223237154429317e-10,3.2892948617717267e-10,1.0736409948733224e-07,7.832434217474544e-11,5.890321220192028e-10,recombination
Silicon,Tritium,interdigitated_combs,1.12,1400.0,1e-06,150.0,0.18,0.3,11.7,0.8,0.98,0.25,0.686375,False,0.3146900966708864,0.999625820182719,1.6068,0.00037417981728105065,0.05755842566975769,0.12120000000000002,1.9159186553817223e-10,0.024,7.982994397423843e-09,1.1867534560330156e-11,300.0000000000119,1.3925792442054082e-07,0.68777625,0.5665749999999998,7.465891059517308e-11,2.986356423806923e-10,2.1706234551823577e-07,1.3815809844072722e-10,6.330095720269116e-11,interface
GaAs,Ni63,baseline,1.42,8500.0,2e-08,55.0,0.15,0.4,12.9,0.85,0.9,0.8,0.7,False,0.1611726250106942,0.39491397097099123,10.0,0.6050860290290088,0.059690189328743544,0.1625,3.3446546553552996e-10,0.032,1.045204579798531e-08,5.132862369304837e-10,300.0000000005133,9.191776164503598e-08,0.75522,0.91825,2.3194536690566047e-10,2.8993170863207557e-10,7.967899957835901e-08,1.3794620174566315e-10,1.8787574719358498e-10,recombination
GaAs,C14,baseline,1.42,8500.0,2e-08,55.0,0.15,0.4,12.9,0.85,0.9,0.8,0.7,False,0.055379725960776754,0.2495460087332646,17.5,0.7504539912667354,0.059690189328743544,0.1625,3.312515842782709e-10,0.032,1.0351612008695966e-08,1.4078494640834337e-09,300.00000000140784,1.0263108894493564e-07,0.75522,0.91825,2.2971660207275725e-10,2.8714575259094653e-10,8.896585759289626e-08,1.366206756211928e-10,1.860704476789334e-10,recombination
4H-SiC,Ni63,interdigitated_combs,3.26,900.0,5e-08,370.0,0.78,3.0,9.7,0.35,0.82,2.5,0.5491,False,0.26412544967121826,0.7266377927745886,2.8515200000000003,0.2733622072254114,0.009326438206298264,0.093725,2.2135340327493753e-09,0.24,9.223058469789064e-09,5.246998617470271e-11,300.00000000005247,6.89620212958827e-07,0.4198319999999999,0.7445749999999999,6.919427951492247e-10,2.7677711805968987e-10,8.62291215199332e-08,5.232039533460572e-11,4.83041805579698e-10,recombination
GaN,C14,straight_fingers,3.4,1000.0,2e-08,230.0,0.62,3.3,9.0,0.55,0.78,3.0,0.47685000000000005,False,0.12524413147120697,0.41287769302037347,4.621600000000001,0.5871223069796265,0.02161026407084955,0.1215,2.9166060974281027e-09,0.264,1.1047750369045843e-08,3.7984465141795697e-10,300.0000000003798,2.681978072533826e-07,0.41296,0.6866500000000001,8.270298617149179e-10,2.756766205716393e-10,2.5349965911932338e-08,4.23432621352481e-11,5.322619459771412e-10,recombination
GaAs,Ni63,interdigitated_combs,1.42,8500.0,2e-08,55.0,0.15,0.4,12.9,0.85,0.9,0.8,0.5652499999999999,False,0.3777891564803178,0.8032463737549173,2.8408,0.19675362624508275,0.062015049476623244,0.15127500000000002,7.839881374897289e-10,0.032,2.449962929655403e-08,5.132862369304837e-10,300.0000000005133,9.191776164503598e-08,0.548047,0.505975,2.1739840591546803e-10,2.71748007394335e-10,3.186077362237283e-08,7.576476028904021e-11,1.6291021295282992e-10,recombination
4H-SiC,C14,honeycomb_mesh,3.26,900.0,5e-08,370.0,0.78,3.0,9.7,0.35,0.82,2.5,0.50864,False,0.11059146073097084,0.6101331818332938,3.872960000000001,0.3898668181667062,0.010340027381321771,0.10947499999999999,2.671435587954281e-09,0.24,1.1130981616476172e-08,1.3444953085492325e-10,300.00000000013443,8.242097321172011e-07,0.363096,0.6889750000000001,6.682971903426049e-10,2.6731887613704197e-10,8.247506332709427e-08,4.0483257801752e-11,4.54367240147653e-10,recombination
GaAs,C14,honeycomb_mesh,1.42,8500.0,2e-08,55.0,0.15,0.4,12.9,0.85,0.9,0.8,0.5236,False,0.1676907076769367,0.6877988597716163,3.858400000000001,0.31220114022838374,0.06360587481068534,0.18952500000000003,1.003035165361273e-09,0.032,3.1344848917539776e-08,1.4078494640834337e-09,300.00000000140784,1.0263108894493564e-07,0.484128,0.3912249999999998,1.8997784615450525e-10,2.374723076931315e-10,2.4298292197995468e-08,5.417704595985416e-11,1.3880161395740463e-10,recombination
GaAs,Tritium,baseline,1.42,8500.0,2e-08,55.0,0.15,0.4,12.9,0.85,0.9,0.8,0.7,False,0.3789798809937762,0.8126197768805065,3.0,0.18738022311949354,0.059690189328743544,0.1625,2.6369511980805145e-10,0.032,8.240472494001607e-09,5.899929127158152e-11,300.000000000059,7.19705421344972e-08,0.75522,0.91825,1.8286749341125417e-10,2.2858436676406771e-10,6.238773327111981e-08,1.0875783584456229e-10,1.481226696631159e-10,recombination
4H-SiC,Ni63,honeycomb_mesh,3.26,900.0,5e-08,370.0,0.78,3.0,9.7,0.35,0.82,2.5,0.50864,False,0.2692764740853979,0.7546830504097721,2.5961600000000007,0.24531694959022787,0.010340027381321771,0.10947499999999999,2.256702791604316e-09,0.24,9.402928298351317e-09,5.246998617470271e-11,300.00000000005247,6.89620212958827e-07,0.363096,0.6889750000000001,5.645459474553081e-10,2.2581837898212326e-10,6.900727875333528e-08,3.4198346876261824e-11,3.8382801512349456e-10,recombination
GaN,Ni63,straight_fingers,3.4,1000.0,2e-08,230.0,0.62,3.3,9.0,0.55,0.78,3.0,0.47685000000000005,False,0.28512152630061066,0.5241859831499227,3.3136,0.4758140168500773,0.02161026407084955,0.1215,2.3035796991395232e-09,0.264,8.7256806785588e-09,1.3502974445496418e-10,300.000000000135,2.463517746563084e-07,0.41296,0.6866500000000001,6.53200719051029e-10,2.1773357301700967e-10,2.328508630937992e-08,3.344335017886496e-11,4.203885517686589e-10,recombination
GaN,C14,interdigitated_combs,3.4,1000.0,2e-08,230.0,0.62,3.3,9.0,0.55,0.78,3.0,0.44412500000000005,False,0.12968674377828482,0.43649632329022814,4.2292000000000005,0.5635036767097719,0.022444845181613042,0.138825,3.020062842196309e-09,0.264,1.1439631978016322e-08,3.7984465141795697e-10,300.0000000003798,2.681978072533826e-07,0.34478400000000003,0.6172,6.426714409584089e-10,2.1422381365280296e-10,1.9024225681792742e-08,2.558672334865344e-11,4.0414795234320153e-10,recombination
Silicon,Tritium,honeycomb_mesh,1.12,1400.0,1e-06,150.0,0.18,0.3,11.7,0.8,0.98,0.25,0.6358,False,0.3013778653386333,0.9998860877488478,1.3596000000000001,0.00011391225115220394,0.05911797072524249,0.1572,1.8348701806313562e-10,0.024,7.645292419297317e-09,1.1867534560330156e-11,300.0000000000119,1.3925792442054082e-07,0.61978,0.4642,5.278955931841001e-11,2.1115823727364004e-10,1.6025906441462324e-07,8.154403260010846e-11,4.355719328921328e-11,interface
beta-Ga2O3,C14,straight_fingers,4.8,150.0,1e-08,20.0,0.55,8.0,10.0,0.75,0.62,2.0,0.39882,False,0.041346949394232634,0.15104384179289576,4.697920000000001,0.8489561582071042,0.03302856985349853,0.1539,2.077446844239602e-09,0.64,3.246010694124378e-09,4.209465897395631e-09,300.0000000042095,2.290061882284849e-07,0.322135,0.5652999999999999,3.783091271323058e-10,1.891545635661529e-10,2.0851347271974435e-08,1.5066880916744267e-11,1.968981730894241e-10,recombination
4H-SiC,Ni63,baseline,3.26,900.0,5e-08,370.0,0.78,3.0,9.7,0.35,0.82,2.5,0.68,False,0.09734532506802243,0.31919702921961424,10.0,0.6808029707803858,0.00785809743652047,0.13749999999999998,8.15813812093243e-10,0.24,3.3992242170551795e-09,5.246998617470271e-11,300.00000000005247,6.89620212958827e-07,0.60372,0.94135,4.6363663396347664e-10,1.8545465358539066e-10,1.567677278858636e-07,6.243039229873018e-11,3.5097293191035186e-10,recombination
GaAs,Ni63,honeycomb_mesh,1.42,8500.0,2e-08,55.0,0.15,0.4,12.9,0.85,0.9,0.8,0.5236,False,0.3694050988923382,0.8238852596016117,2.5864000000000007,0.17611474039838826,0.06360587481068534,0.18952500000000003,7.66589539408608e-10,0.032,2.3955923106519e-08,5.132862369304837e-10,300.0000000005133,9.191776164503598e-08,0.484128,0.3912249999999998,1.451943407477312e-10,1.8149292593466398e-10,2.1761872095453336e-08,4.140588300702774e-11,1.0608188923710738e-10,interface
GaN,Ni63,interdigitated_combs,3.4,1000.0,2e-08,230.0,0.62,3.3,9.0,0.55,0.78,3.0,0.44412500000000005,False,0.30053983945491575,0.5641289876244784,2.9212000000000002,0.4358710123755216,0.022444845181613042,0.138825,2.428148733396818e-09,0.264,9.197533081048553e-09,1.3502974445496418e-10,300.000000000135,2.463517746563084e-07,0.34478400000000003,0.6172,5.167117132630955e-10,1.7223723775436516e-10,1.7474608782852573e-08,2.0571879837316708e-11,3.2493739033370557e-10,recombination
4H-SiC,C14,baseline,3.26,900.0,5e-08,370.0,0.78,3.0,9.7,0.35,0.82,2.5,0.68,False,0.030557843468765413,0.19724377639256852,17.5,0.8027562236074315,0.00785809743652047,0.13749999999999998,7.381520236194424e-10,0.24,3.0756334317476765e-09,1.3444953085492325e-10,300.00000000013443,8.242097321172011e-07,0.60372,0.94135,4.195005214561524e-10,1.6780020858246096e-10,1.8736325382786343e-07,5.64873010576049e-11,3.1756189474230744e-10,recombination
4H-SiC,Tritium,baseline,3.26,900.0,5e-08,370.0,0.78,3.0,9.7,0.35,0.82,2.5,0.68,False,0.2583807206078737,0.7224093669604654,3.0,0.2775906330395346,0.00785809743652047,0.13749999999999998,7.260424164412e-10,0.24,3.0251767351716666e-09,6.189828500947541e-12,300.0000000000062,5.26120016585039e-07,0.60372,0.94135,4.1261848853698117e-10,1.6504739541479247e-10,1.196000900864455e-07,5.556060980095481e-11,3.123521958224948e-10,recombination
GaAs,Tritium,straight_fingers,1.42,8500.0,2e-08,55.0,0.15,0.4,12.9,0.85,0.9,0.8,0.6069,False,0.5002163788417062,0.901363670322068,2.0352,0.09863632967793201,0.06109020012167085,0.1245,3.480517688768274e-10,0.032,1.0876617777400856e-08,5.899929127158152e-11,300.000000000059,7.19705421344972e-08,0.6301699999999999,0.5965,1.308314086746903e-10,1.6353926084336285e-10,3.381683506782315e-08,5.6291056741652615e-11,1.0049225916007299e-10,interface
beta-Ga2O3,Ni63,straight_fingers,4.8,150.0,1e-08,20.0,0.55,8.0,10.0,0.75,0.62,2.0,0.39882,False,0.10104138322106643,0.20418218622021012,3.36832,0.7958178137797899,0.03302856985349853,0.1539,1.7613212387104951e-09,0.64,2.7520644354851486e-09,1.5086301133601469e-09,300.0000000015086,2.086485369856032e-07,0.322135,0.5652999999999999,3.2074173270125256e-10,1.6037086635062628e-10,1.899775344994396e-08,1.2774149881797323e-11,1.6693612887728825e-10,recombination
4H-SiC,Tritium,straight_fingers,3.26,900.0,5e-08,370.0,0.78,3.0,9.7,0.35,0.82,2.5,0.5895600000000001,False,0.3623530807649396,0.8392880231556119,2.0428800000000003,0.1607119768443881,0.008740490023038892,0.0827,1.0182017673166634e-09,0.24,4.242507363819431e-09,6.189828500947541e-12,300.0000000000062,5.26120016585039e-07,0.49255199999999993,0.7902,3.9629898381071124e-10,1.585195935242845e-10,8.190943470255486e-08,3.7746518346214686e-11,2.838697547015801e-10,recombination
GaN,C14,honeycomb_mesh,3.4,1000.0,2e-08,230.0,0.62,3.3,9.0,0.55,0.78,3.0,0.41140000000000004,False,0.12990070257395953,0.45081762699206096,3.967600000000001,0.549182373007939,0.02388430888352711,0.16357500000000003,3.0250453792679697e-09,0.264,1.1458505224499885e-08,3.7984465141795697e-10,300.0000000003798,2.681978072533826e-07,0.29081599999999996,0.532075,4.680831894829233e-10,1.5602772982764112e-10,1.3833278435189269e-08,1.456059011018527e-11,2.8746392915714777e-10,recombination
3C-SiC,C14,straight_fingers,2.36,700.0,4e-08,360.0,0.68,1.5,9.7,0.45,0.58,1.8,0.54621,False,0.07776959523381693,0.4303770710976784,4.5537600000000005,0.5696229289023216,0.01542551903548428,0.09970000000000001,1.0466452778817776e-09,0.12,8.722043982348147e-09,1.381842400453378e-10,300.0000000001382,5.676609998304928e-07,0.3635729999999999,0.7002499999999999,2.664675075216218e-10,1.4803750417867879e-10,8.028996968729613e-08,1.7051045716131025e-11,1.504993826769206e-10,recombination
GaN,Ni63,baseline,3.4,1000.0,2e-08,230.0,0.62,3.3,9.0,0.55,0.78,3.0,0.55,False,0.10795165615487128,0.22672323845601228,10.0,0.7732767615439877,0.020350063753332568,0.1475,8.721728128821364e-10,0.264,3.3036848972808197e-09,1.3502974445496418e-10,300.000000000135,2.463517746563084e-07,0.51968,0.91915,4.1660544285441276e-10,1.3886848095147092e-10,3.922444751880124e-08,3.095971686558912e-11,2.8183358209101025e-10,recombination
Diamond,C14,straight_fingers,5.47,1200.0,1e-07,1200.0,1.0,10.0,5.7,0.2,0.45,12.0,0.62424,True,0.1729827487647757,0.8228112749998018,4.4774400000000005,0.17718872500019822,0.0005344778111861067,0.06280000000000001,8.357105839781408e-09,0.8,1.0446382299726758e-08,4.4923099206564225e-11,300.0000000000449,4.614785829665069e-06,0.251118,0.7904,1.6587490142583496e-09,1.3822908452152914e-10,7.632996790120978e-08,9.750825473737825e-12,8.764962491262259e-10,recombination
GaN,C14,baseline,3.4,1000.0,2e-08,230.0,0.62,3.3,9.0,0.55,0.78,3.0,0.55,False,0.036283215246681065,0.1366410307953243,17.5,0.8633589692046757,0.020350063753332568,0.1475,8.449405619224139e-10,0.264,3.2005324315242947e-09,3.7984465141795697e-10,300.0000000003798,2.681978072533826e-07,0.51968,0.91915,4.03597580417716e-10,1.3453252680590532e-10,4.2702801024853477e-08,2.999304745458145e-11,2.730337631525849e-10,recombination
Diamond,C14,laser_graphitic_channels,5.47,1200.0,1e-07,1200.0,1.0,10.0,5.7,0.2,0.45,12.0,0.95,True,0.1597295042074418,0.7984832590249189,4.8576,0.2015167409750811,0.0008009522681806569,0.10800000000000001,7.716817901954972e-09,0.8,9.646022377443716e-09,4.4923099206564225e-11,300.0000000000449,4.614785829665069e-06,0.273042,0.7635000000000001,1.608706253002598e-09,1.3405885441688316e-10,8.016943117802945e-08,1.5648080778589447e-11,1.0858767207767537e-09,recombination
GaN,Tritium,baseline,3.4,1000.0,2e-08,230.0,0.62,3.3,9.0,0.55,0.78,3.0,0.55,False,0.3102777572578598,0.5755923567261125,3.0,0.42440764327388747,0.020350063753332568,0.1475,8.40523408990783e-10,0.264,3.1838007916317537e-09,1.5377261039164215e-11,300.0000000000154,1.9469224970449383e-07,0.51968,0.91915,4.0148766604517705e-10,1.3382922201505902e-10,3.099915128074646e-08,2.9836250771521145e-11,2.7160640607956233e-10,recombination
4H-SiC,Tritium,interdigitated_combs,3.26,900.0,5e-08,370.0,0.78,3.0,9.7,0.35,0.82,2.5,0.5491,False,0.3803714913004051,0.8922677870465314,1.6598400000000002,0.10773221295346858,0.009326438206298264,0.093725,1.0688329842852573e-09,0.24,4.453470767855239e-09,6.189828500947541e-12,300.0000000000062,5.26120016585039e-07,0.4198319999999999,0.7445749999999999,3.341133552735239e-10,1.3364534210940956e-10,6.578529166007664e-08,2.5263566521727274e-11,2.332428627496707e-10,recombination
beta-Ga2O3,C14,interdigitated_combs,4.8,150.0,1e-08,20.0,0.55,8.0,10.0,0.75,0.62,2.0,0.37145,False,0.04281822591805087,0.16108457806600418,4.299040000000001,0.8389154219339958,0.03406725684120526,0.17752500000000002,2.151370043319347e-09,0.64,3.3615156926864798e-09,4.209465897395631e-09,300.0000000042095,2.290061882284849e-07,0.26144249999999997,0.47372499999999995,2.6645115626924426e-10,1.3322557813462213e-10,1.4181419843549065e-08,8.021504906271244e-12,1.3539782118610715e-10,recombination
3C-SiC,Ni63,straight_fingers,2.36,700.0,4e-08,360.0,0.68,1.5,9.7,0.45,0.58,1.8,0.54621,False,0.19345312387633384,0.5438487919899354,3.2649600000000003,0.4561512080100646,0.01542551903548428,0.09970000000000001,9.032714181312826e-10,0.12,7.527261817760689e-09,5.392748579066667e-11,300.00000000005394,4.7496466534789554e-07,0.3635729999999999,0.7002499999999999,2.2996567078779736e-10,1.2775870599322076e-10,6.717900048568883e-08,1.4715321962567227e-11,1.298833460497586e-10,recombination
GaN,Ni63,honeycomb_mesh,3.4,1000.0,2e-08,230.0,0.62,3.3,9.0,0.55,0.78,3.0,0.41140000000000004,False,0.305363467131704,0.5910140822637301,2.6596000000000006,0.4089859177362699,0.02388430888352711,0.16357500000000003,2.467120223682479e-09,0.264,9.345152362433631e-09,1.3502974445496418e-10,300.000000000135,2.463517746563084e-07,0.29081599999999996,0.532075,3.817521254568988e-10,1.2725070848563292e-10,1.2706489761134079e-08,1.1875103287965255e-11,2.344454328068453e-10,recombination
GaAs,Tritium,interdigitated_combs,1.42,8500.0,2e-08,55.0,0.15,0.4,12.9,0.85,0.9,0.8,0.5652499999999999,False,0.504542630185225,0.9387655973568346,1.6536000000000002,0.061234402643165375,0.062015049476623244,0.15127500000000002,3.5106198504808554e-10,0.032,1.0970687032752674e-08,5.899929127158152e-11,300.000000000059,7.19705421344972e-08,0.548047,0.505975,9.734881470444895e-11,1.2168601838056118e-10,2.494661651228858e-08,3.392669591778266e-11,7.294955115896263e-11,interface
3C-SiC,C14,interdigitated_combs,2.36,700.0,4e-08,360.0,0.68,1.5,9.7,0.45,0.58,1.8,0.508725,False,0.08092129420102424,0.4553134076455473,4.167120000000001,0.5446865923544527,0.016141813173973982,0.113875,1.089061736800134e-09,0.12,9.07551447333445e-09,1.381842400453378e-10,300.0000000001382,5.676609998304928e-07,0.3037605,0.64335,2.1282914682011658e-10,1.1823841490006476e-10,6.163042420143463e-08,1.059744013631085e-11,1.166146763078459e-10,recombination
beta-Ga2O3,Tritium,baseline,4.8,150.0,1e-08,20.0,0.55,8.0,10.0,0.75,0.62,2.0,0.46,False,0.12204046402103891,0.2377933529080659,3.0,0.7622066470919341,0.03145631067961165,0.1575,6.401612226135704e-10,0.5743812624184276,1.1145231651850493e-09,1.7231437872552826e-10,300.0000000001723,1.644065466270618e-07,0.41855000000000003,0.87535,2.3454082357719987e-10,1.1727041178859994e-10,3.011744970272195e-08,1.3998622999594601e-11,1.2852837132030555e-10,recombination
beta-Ga2O3,Ni63,interdigitated_combs,4.8,150.0,1e-08,20.0,0.55,8.0,10.0,0.75,0.62,2.0,0.37145,False,0.10789466050006857,0.22453511157841455,2.9694400000000005,0.7754648884215855,0.03406725684120526,0.17752500000000002,1.88078538737391e-09,0.64,2.938727167771734e-09,1.5086301133601469e-09,300.0000000015086,2.086485369856032e-07,0.26144249999999997,0.47372499999999995,2.329387465054e-10,1.164693732527e-10,1.2920753476682984e-08,7.012614710013243e-12,1.1836840638358528e-10,recombination
Diamond,C14,interdigitated_combs,5.47,1200.0,1e-07,1200.0,1.0,10.0,5.7,0.2,0.45,12.0,0.5814,True,0.17689451885468369,0.8474140463523694,4.0972800000000005,0.1525859536476306,0.0008901858634617221,0.06910000000000001,8.546090446025037e-09,0.8,1.0682613057531296e-08,4.4923099206564225e-11,300.0000000000449,4.614785829665069e-06,0.20941199999999996,0.7602000000000001,1.360494889065573e-09,1.1337457408879774e-10,6.122090343575138e-08,6.211618494345467e-12,6.926687628699553e-10,recombination
beta-Ga2O3,Ni63,baseline,4.8,150.0,1e-08,20.0,0.55,8.0,10.0,0.75,0.62,2.0,0.46,False,0.03535857453278589,0.07823159157237114,10.0,0.9217684084276289,0.03145631067961165,0.1575,6.1635941937639e-10,0.64,9.630615927756093e-10,1.5086301133601469e-09,300.0000000015086,2.086485369856032e-07,0.41855000000000003,0.87535,2.2582037263973255e-10,1.1291018631986628e-10,3.822208997835653e-08,1.3478140879688147e-11,1.2374956420657344e-10,recombination
GaN,Tritium,straight_fingers,3.4,1000.0,2e-08,230.0,0.62,3.3,9.0,0.55,0.78,3.0,0.47685000000000005,False,0.4258238842424322,0.6914854742044134,2.0928,0.3085145257955866,0.02161026407084955,0.1215,1.153530778281656e-09,0.264,4.3694347662183935e-09,1.5377261039164215e-11,300.0000000000154,1.9469224970449383e-07,0.41296,0.6866500000000001,3.270940155022757e-10,1.0903133850075857e-10,1.8402245506293523e-08,1.674694987743746e-11,2.1051198423199336e-10,recombination
4H-SiC,Tritium,honeycomb_mesh,3.26,900.0,5e-08,370.0,0.78,3.0,9.7,0.35,0.82,2.5,0.50864,False,0.3873019460828436,0.9255404112160582,1.4044800000000002,0.07445958878394177,0.010340027381321771,0.10947499999999999,1.0883073635092188e-09,0.24,4.534614014621745e-09,6.189828500947541e-12,300.0000000000062,5.26120016585039e-07,0.363096,0.6889750000000001,2.722553957661907e-10,1.0890215830647627e-10,5.264652914742913e-08,1.6492341332559487e-11,1.8510317651668385e-10,interface
AlN,C14,straight_fingers,6.2,300.0,2e-08,285.0,0.82,11.0,8.5,0.55,0.58,4.0,0.3468,False,0.0497651054239411,0.2971089786409875,4.7488,0.7028910213590125,0.01138507568285452,0.14550000000000002,2.644665330722779e-09,0.88,3.0053015121849763e-09,1.7700104289032368e-10,300.000000000177,9.755856016458705e-07,0.249075,0.6364000000000001,4.1920941897775763e-10,1.0480235474443941e-10,3.866034281143428e-08,5.250591873199368e-12,1.9914962657957357e-10,recombination
beta-Ga2O3,C14,baseline,4.8,150.0,1e-08,20.0,0.55,8.0,10.0,0.75,0.62,2.0,0.46,False,0.011371451121175229,0.045482496064091604,17.5,0.9545175039359084,0.03145631067961165,0.1575,5.713501380927887e-10,0.64,8.927345907699824e-10,4.209465897395631e-09,300.0000000042095,2.290061882284849e-07,0.41855000000000003,0.87535,2.0932997377149918e-10,1.0466498688574959e-10,4.195138513084118e-08,1.2493907630445895e-11,1.1471282562678156e-10,recombination
3C-SiC,Ni63,interdigitated_combs,2.36,700.0,4e-08,360.0,0.68,1.5,9.7,0.45,0.58,1.8,0.508725,False,0.20468066109296482,0.5850426994307159,2.8783200000000004,0.41495730056928415,0.016141813173973982,0.113875,9.556950402500498e-10,0.12,7.964125335417083e-09,5.392748579066667e-11,300.00000000005394,4.7496466534789554e-07,0.3037605,0.64335,1.8676605114624765e-10,1.037589173034709e-10,5.156646980297066e-08,9.299675707436759e-12,1.0233402203187166e-10,recombination
Diamond,Ni63,straight_fingers,5.47,1200.0,1e-07,1200.0,1.0,10.0,5.7,0.2,0.45,12.0,0.62424,True,0.37306057738918263,0.9105117292638372,3.21024,0.08948827073616283,0.0005344778111861067,0.06280000000000001,6.25295506628397e-09,0.8,7.816193832854961e-09,1.7357043682137553e-11,300.00000000001734,3.900043102695385e-06,0.251118,0.7904,1.2411094523928614e-09,1.0342578769940511e-10,6.450790477175385e-08,7.295764193415373e-12,6.558121635200071e-10,recombination
Diamond,Ni63,laser_graphitic_channels,5.47,1200.0,1e-07,1200.0,1.0,10.0,5.7,0.2,0.45,12.0,0.95,True,0.34522579142807097,0.885508331873599,3.5904000000000003,0.11449166812640099,0.0008009522681806569,0.10800000000000001,5.786409747792996e-09,0.8,7.233012184741244e-09,1.7357043682137553e-11,300.00000000001734,3.900043102695385e-06,0.273042,0.7635000000000001,1.2062787617874895e-09,1.0052323014895745e-10,6.775270806783651e-08,1.1733619777206775e-11,8.142381642065555e-10,recombination
Diamond,C14,honeycomb_mesh,5.47,1200.0,1e-07,1200.0,1.0,10.0,5.7,0.2,0.45,12.0,0.5385599999999999,True,0.17828758714755183,0.8629582862848983,3.8438400000000006,0.13704171371510165,0.0015069952718352818,0.0781,8.613392065687547e-09,0.8,1.0766740082109435e-08,4.4923099206564225e-11,300.0000000000449,4.614785829665069e-06,0.17703,0.7243,1.1044334979486113e-09,9.203612482905094e-11,4.9310074525730606e-08,3.948678743816654e-12,5.410089578371232e-10,recombination
3C-SiC,C14,honeycomb_mesh,2.36,700.0,4e-08,360.0,0.68,1.5,9.7,0.45,0.58,1.8,0.47124,False,0.08169084976215704,0.4709852377810092,3.909360000000001,0.5290147622189908,0.017379025084113455,0.134125,1.0994186338844726e-09,0.12,9.161821949037273e-09,1.381842400453378e-10,300.0000000001382,5.676609998304928e-07,0.25682399999999994,0.5736249999999999,1.6196708645608926e-10,8.998171469782737e-11,4.64601095138417e-08,6.316260184361924e-12,8.601391699919786e-11,recombination
GaN,Tritium,interdigitated_combs,3.4,1000.0,2e-08,230.0,0.62,3.3,9.0,0.55,0.78,3.0,0.44412500000000005,False,0.458319916762232,0.7598760291792837,1.7004000000000001,0.24012397082071635,0.022444845181613042,0.138825,1.2415605367587295e-09,0.264,4.702880821055793e-09,1.5377261039164215e-11,300.0000000000154,1.9469224970449383e-07,0.34478400000000003,0.6172,2.6420493244291324e-10,8.806831081430441e-11,1.3810214687456297e-08,1.0518809585945149e-11,1.661469230475538e-10,recombination
Diamond,Ni63,interdigitated_combs,5.47,1200.0,1e-07,1200.0,1.0,10.0,5.7,0.2,0.45,12.0,0.5814,True,0.3800765594871595,0.9342457150792979,2.83008,0.06575428492070212,0.0008901858634617221,0.06910000000000001,6.370551573295044e-09,0.8,7.963189466618805e-09,1.7357043682137553e-11,300.00000000001734,3.900043102695385e-06,0.20941199999999996,0.7602000000000001,1.0141599730000282e-09,8.451333108333569e-11,5.1738947591141274e-08,4.63035539136689e-12,5.163392670535044e-10,interface
beta-Ga2O3,C14,honeycomb_mesh,4.8,150.0,1e-08,20.0,0.55,8.0,10.0,0.75,0.62,2.0,0.34408,False,0.04244946683921313,0.1668394355544276,4.033120000000001,0.8331605644455724,0.03585398651474754,0.21127500000000002,2.1328420165642943e-09,0.64,3.3325656508817097e-09,4.209465897395631e-09,300.0000000042095,2.290061882284849e-07,0.21296,0.3607750000000001,1.6386762568289345e-10,8.193381284144672e-11,8.797346460789861e-09,3.72230814544657e-12,8.125146804810316e-11,recombination
beta-Ga2O3,Tritium,straight_fingers,4.8,150.0,1e-08,20.0,0.55,8.0,10.0,0.75,0.62,2.0,0.39882,False,0.1705116387393068,0.30344573497936145,2.12736,0.6965542650206386,0.03302856985349853,0.1539,8.94415962777563e-10,0.5743812624184276,1.557181651455049e-09,1.7231437872552826e-10,300.0000000001723,1.644065466270618e-07,0.322135,0.5652999999999999,1.6287575449153365e-10,8.143787724576683e-11,1.496945573403732e-08,6.486836877955013e-12,8.477178106445404e-11,recombination
GaAs,Tritium,honeycomb_mesh,1.42,8500.0,2e-08,55.0,0.15,0.4,12.9,0.85,0.9,0.8,0.5236,False,0.4916863063565687,0.9596480253917052,1.3992000000000002,0.04035197460829476,0.06360587481068534,0.18952500000000003,3.421165237655529e-10,0.032,1.0691141367673529e-08,5.899929127158152e-11,300.000000000059,7.19705421344972e-08,0.484128,0.3912249999999998,6.479788801366364e-11,8.099736001707954e-11,1.7039293652729484e-08,1.847877648935271e-11,4.7342632940542926e-11,interface
AlN,Ni63,straight_fingers,6.2,300.0,2e-08,285.0,0.82,11.0,8.5,0.55,0.58,4.0,0.3468,False,0.12785762863522096,0.3884259537921736,3.4048,0.6115740462078264,0.01138507568285452,0.14550000000000002,2.0249485381252276e-09,0.7559122482889347,2.6788142971738505e-09,6.896041563337649e-11,300.00000000006895,8.176458551888042e-07,0.249075,0.6364000000000001,3.2097728595978554e-10,8.024432148994638e-11,3.240153299374119e-08,4.020235836426803e-12,1.5248346946805573e-10,recombination
3C-SiC,Ni63,honeycomb_mesh,2.36,700.0,4e-08,360.0,0.68,1.5,9.7,0.45,0.58,1.8,0.47124,False,0.20937101618415932,0.6132161390364808,2.6205600000000007,0.38678386096351924,0.017379025084113455,0.134125,9.775952484755365e-10,0.12,8.14662707062947e-09,5.392748579066667e-11,300.00000000005394,4.7496466534789554e-07,0.25682399999999994,0.5736249999999999,1.4401998406144673e-10,8.001110225635929e-11,3.88733951669354e-08,5.6163737397744324e-12,7.648296469570378e-11,recombination
AlN,C14,interdigitated_combs,6.2,300.0,2e-08,285.0,0.82,11.0,8.5,0.55,0.58,4.0,0.323,False,0.05180203940319662,0.3159583749057613,4.3456,0.6840416250942387,0.01228690179306525,0.162825,2.7529140449577276e-09,0.88,3.1283114147246904e-09,1.7700104289032368e-10,300.000000000177,9.755856016458705e-07,0.19827,0.5605749999999999,3.0597319656243436e-10,7.649329914060859e-11,2.7107915483468747e-08,2.84125959163679e-12,1.420786538237664e-10,recombination
3C-SiC,Ni63,baseline,2.36,700.0,4e-08,360.0,0.68,1.5,9.7,0.45,0.58,1.8,0.63,False,0.07031185107408668,0.23342440753236748,10.0,0.7665755924676325,0.014345351043643264,0.1425,3.283001285196378e-10,0.12,2.735834404330315e-09,5.392748579066667e-11,300.00000000005394,4.7496466534789554e-07,0.45588,0.89065,1.332995442553671e-10,7.405530236409284e-11,1.0713870891005333e-07,1.2336025035732762e-11,8.031297541385868e-11,recombination
beta-Ga2O3,Ni63,honeycomb_mesh,4.8,150.0,1e-08,20.0,0.55,8.0,10.0,0.75,0.62,2.0,0.34408,False,0.10964024675342815,0.23837213817687197,2.7035200000000006,0.761627861823128,0.03585398651474754,0.21127500000000002,1.9112138914583854e-09,0.64,2.9862717054037273e-09,1.5086301133601469e-09,300.0000000015086,2.086485369856032e-07,0.21296,0.3607750000000001,1.468397941024939e-10,7.341989705124696e-11,8.015300733130859e-09,3.335515233015727e-12,7.280845614860418e-11,recombination
3C-SiC,Tritium,baseline,2.36,700.0,4e-08,360.0,0.68,1.5,9.7,0.45,0.58,1.8,0.63,False,0.20762493551895667,0.58772852116076,3.0,0.41227147883924,0.014345351043643264,0.1425,3.2504835014538947e-10,0.12,2.7087362512115792e-09,6.361768181529417e-12,300.00000000000637,3.623565738277767e-07,0.45588,0.89065,1.3197922623642112e-10,7.332179235356729e-11,8.173748136936105e-08,1.221383800030191e-11,7.951748380744372e-11,recombination
Diamond,Ni63,baseline,5.47,1200.0,1e-07,1200.0,1.0,10.0,5.7,0.2,0.45,12.0,0.72,True,0.1814158836994471,0.5453663833454577,10.0,0.45463361665454227,0.0,0.13,3.0407538020277946e-09,0.8,3.800942252534743e-09,1.7357043682137553e-11,300.00000000001734,3.900043102695385e-06,0.31437,0.886,8.469466906507214e-10,7.057889088756011e-11,9.052384195601603e-08,7.188875040776417e-12,4.840300337068872e-10,recombination
Diamond,C14,baseline,5.47,1200.0,1e-07,1200.0,1.0,10.0,5.7,0.2,0.45,12.0,0.72,True,0.06189895394396287,0.36264994754184,17.5,0.63735005245816,0.0,0.13,2.990449123830716e-09,0.8,3.7380614047883946e-09,4.4923099206564225e-11,300.0000000000449,4.614785829665069e-06,0.31437,0.886,8.329352370779747e-10,6.941126975649789e-11,1.0711372467056846e-07,7.069945962965478e-12,4.760224879900626e-10,recombination
Diamond,Ni63,honeycomb_mesh,5.47,1200.0,1e-07,1200.0,1.0,10.0,5.7,0.2,0.45,12.0,0.5385599999999999,True,0.3818828698218878,0.9484351037217349,2.5766400000000007,0.051564896278265104,0.0015069952718352818,0.0781,6.400827560744228e-09,0.8,8.001034450930284e-09,1.7357043682137553e-11,300.00000000001734,3.900043102695385e-06,0.17703,0.7243,8.207322177797943e-10,6.839435148164952e-11,4.1672879987461656e-08,2.9343621582757963e-12,4.0203731834386777e-10,interface
GaN,Tritium,honeycomb_mesh,3.4,1000.0,2e-08,230.0,0.62,3.3,9.0,0.55,0.78,3.0,0.41140000000000004,False,0.4729145487236929,0.8084647218837039,1.4388,0.19153527811629611,0.02388430888352711,0.16357500000000003,1.2810964993672841e-09,0.264,4.852638255179106e-09,1.5377261039164215e-11,300.0000000000154,1.9469224970449383e-07,0.29081599999999996,0.532075,1.9823164953788488e-10,6.60772165126283e-11,1.0041961665969924e-08,6.166360725270907e-12,1.2174000293070126e-10,recombination
3C-SiC,Tritium,straight_fingers,2.36,700.0,4e-08,360.0,0.68,1.5,9.7,0.45,0.58,1.8,0.54621,False,0.29678942294293065,0.7114270318665952,2.06208,0.28857296813340483,0.01542551903548428,0.09970000000000001,4.646402997167639e-10,0.12,3.8720024976396995e-09,6.361768181529417e-12,300.00000000000637,3.623565738277767e-07,0.3635729999999999,0.7002499999999999,1.182937000491683e-10,6.571872224953793e-11,5.125171244336357e-08,7.569520600199227e-12,6.681163117241997e-11,recombination
3C-SiC,C14,baseline,2.36,700.0,4e-08,360.0,0.68,1.5,9.7,0.45,0.58,1.8,0.63,False,0.021564101531707226,0.14092432636376717,17.5,0.8590756736362328,0.014345351043643264,0.1425,2.9021579670136136e-10,0.12,2.4184649725113447e-09,1.381842400453378e-10,300.0000000001382,5.676609998304928e-07,0.45588,0.89065,1.1783618121150294e-10,6.546454511750163e-11,1.280484024551206e-07,1.0904989133012092e-11,7.099629917993053e-11,recombination
beta-Ga2O3,Tritium,interdigitated_combs,4.8,150.0,1e-08,20.0,0.55,8.0,10.0,0.75,0.62,2.0,0.37145,False,0.19312382880029924,0.35393916029853867,1.7284800000000002,0.6460608397014613,0.03406725684120526,0.17752500000000002,1.0130278293542083e-09,0.5743812624184276,1.763685370042997e-09,1.7231437872552826e-10,300.0000000001723,1.644065466270618e-07,0.26144249999999997,0.47372499999999995,1.254653690575185e-10,6.273268452875926e-11,1.0181027337218407e-08,3.77713156720193e-12,6.375554095000068e-11,recombination
AlN,Ni63,interdigitated_combs,6.2,300.0,2e-08,285.0,0.82,11.0,8.5,0.55,0.58,4.0,0.323,False,0.13626381848241417,0.42291619475630127,3.0016,0.5770838052436987,0.01228690179306525,0.162825,2.1580817897268294e-09,0.7559122482889347,2.8549369250356944e-09,6.896041563337649e-11,300.00000000006895,8.176458551888042e-07,0.19827,0.5605749999999999,2.3986044346547574e-10,5.996511086636894e-11,2.2719354099192852e-08,2.2273381894465206e-12,1.1137919692319367e-10,recombination
AlN,C14,baseline,6.2,300.0,2e-08,285.0,0.82,11.0,8.5,0.55,0.58,4.0,0.4,False,0.014737259020533964,0.09511543822286384,17.5,0.9048845617771362,0.010022899843316868,0.1475,7.831816625216569e-10,0.88,8.899791619564283e-10,1.7700104289032368e-10,300.000000000177,9.755856016458705e-07,0.33052499999999996,0.88315,2.286131972492398e-10,5.715329931230995e-11,7.119412846838018e-08,4.382617867206688e-12,1.1407798542737066e-10,recombination
AlN,Ni63,baseline,6.2,300.0,2e-08,285.0,0.82,11.0,8.5,0.55,0.58,4.0,0.4,False,0.048860641759215825,0.16046643746244316,10.0,0.8395335625375568,0.010022899843316868,0.1475,7.7383169200222e-10,0.7559122482889347,1.0237057194850955e-09,6.896041563337649e-11,300.00000000006895,8.176458551888042e-07,0.33052499999999996,0.88315,2.2588391136714664e-10,5.647097784178666e-11,5.966835094505693e-08,4.330296228668316e-12,1.1271607177220618e-10,recombination
3C-SiC,Tritium,interdigitated_combs,2.36,700.0,4e-08,360.0,0.68,1.5,9.7,0.45,0.58,1.8,0.508725,False,0.3197638592003754,0.7793268738005525,1.6754400000000003,0.22067312619944746,0.016141813173973982,0.113875,5.006080536974558e-10,0.12,4.171733780812132e-09,6.361768181529417e-12,300.00000000000637,3.623565738277767e-07,0.3037605,0.64335,9.783098731643504e-11,5.4350548509130576e-11,3.93407145529689e-08,4.871316015932607e-12,5.360416601409181e-11,recombination
AlN,C14,honeycomb_mesh,6.2,300.0,2e-08,285.0,0.82,11.0,8.5,0.55,0.58,4.0,0.2992,False,0.0520277161281995,0.32751784883279134,4.0768,0.6724821511672087,0.013841806382390314,0.18757500000000002,2.764907175595788e-09,0.88,3.1419399722679407e-09,1.7700104289032368e-10,300.000000000177,9.755856016458705e-07,0.15745500000000004,0.469075,2.04211078561831e-10,5.105276964045775e-11,1.8013750126942913e-08,1.3949715383869658e-12,9.263831367878903e-11,recombination
3C-SiC,Tritium,honeycomb_mesh,2.36,700.0,4e-08,360.0,0.68,1.5,9.7,0.45,0.58,1.8,0.47124,False,0.3312495868312705,0.8272406803998167,1.41768,0.17275931960018331,0.017379025084113455,0.134125,5.185895972307992e-10,0.12,4.321579976923327e-09,6.361768181529417e-12,300.00000000000637,3.623565738277767e-07,0.25682399999999994,0.5736249999999999,7.639896536330268e-11,4.2443869646279264e-11,2.9657006748968218e-08,2.9793444681213032e-12,4.05722817479048e-11,recombination
beta-Ga2O3,Tritium,honeycomb_mesh,4.8,150.0,1e-08,20.0,0.55,8.0,10.0,0.75,0.62,2.0,0.34408,False,0.20655785398502516,0.39549012444418385,1.4625600000000003,0.6045098755558161,0.03585398651474754,0.21127500000000002,1.0834957848463561e-09,0.5743812624184276,1.8863703531767488e-09,1.7231437872552826e-10,300.0000000001723,1.644065466270618e-07,0.21296,0.3607750000000001,8.324567892103101e-11,4.1622839460515505e-11,6.315730427586595e-09,1.8909535512561664e-12,4.1276204453488334e-11,recombination
AlN,Ni63,honeycomb_mesh,6.2,300.0,2e-08,285.0,0.82,11.0,8.5,0.55,0.58,4.0,0.2992,False,0.13946284723601457,0.4467344924971087,2.7328,0.5532655075028913,0.013841806382390314,0.18757500000000002,2.2087464912950486e-09,0.7559122482889347,2.9219615058423984e-09,6.896041563337649e-11,300.00000000006895,8.176458551888042e-07,0.15745500000000004,0.469075,1.6313404921444729e-10,4.078351230361182e-11,1.5097463618623725e-08,1.114373212259734e-12,7.400413008564187e-11,recombination
AlN,Tritium,baseline,6.2,300.0,2e-08,285.0,0.82,11.0,8.5,0.55,0.58,4.0,0.4,False,0.15766377866889306,0.44179523053409375,3.0,0.5582047694659062,0.010022899843316868,0.1475,3.2900848362838726e-10,0.2970525388390495,1.1075767435425029e-09,8.129858957700305e-12,300.00000000000813,6.242012128044285e-07,0.33052499999999996,0.88315,9.603861398163147e-11,2.4009653495407868e-11,4.5551575648046885e-08,1.841103447404167e-12,4.7923268376834103e-11,recombination
Diamond,Tritium,baseline,5.47,1200.0,1e-07,1200.0,1.0,10.0,5.7,0.2,0.45,12.0,0.72,True,0.36052987391645475,0.9277443490907623,3.0,0.07225565090923769,0.0,0.13,7.947284076847153e-10,0.31378745978267336,2.5326965208716043e-09,2.039618488587377e-12,300.00000000000205,2.9870241413789182e-06,0.31437,0.886,2.2135714979812577e-10,1.8446429149843815e-11,6.933177254018394e-08,1.8788772739149937e-12,1.2650561110962887e-10,interface
AlN,Tritium,straight_fingers,6.2,300.0,2e-08,285.0,0.82,11.0,8.5,0.55,0.58,4.0,0.3468,False,0.2086875257435928,0.5409313271487954,2.1504,0.45906867285120456,0.01138507568285452,0.14550000000000002,4.354834507756604e-10,0.2970525388390495,1.4660149092737304e-09,8.129858957700305e-12,300.00000000000813,6.242012128044285e-07,0.249075,0.6364000000000001,6.902906097543946e-11,1.7257265243859864e-11,2.473574110731075e-08,8.645879843445419e-13,3.279294570699227e-11,recombination
Diamond,Tritium,straight_fingers,5.47,1200.0,1e-07,1200.0,1.0,10.0,5.7,0.2,0.45,12.0,0.62424,True,0.46817301168378694,0.978107450004778,2.02752,0.021892549995222055,0.0005344778111861067,0.06280000000000001,1.0320098804978173e-09,0.31378745978267336,3.2888818476448324e-09,2.039618488587377e-12,300.00000000000205,2.9870241413789182e-06,0.251118,0.7904,2.0483710566784052e-10,1.7069758805653377e-11,4.940629213298492e-08,1.2041187972043745e-12,1.0823756533173227e-10,interface
Diamond,Tritium,laser_graphitic_channels,5.47,1200.0,1e-07,1200.0,1.0,10.0,5.7,0.2,0.45,12.0,0.95,True,0.4374630158008402,0.960516359046042,2.40768,0.039483640953957955,0.0008009522681806569,0.10800000000000001,9.643147797758338e-10,0.31378745978267336,3.073146327911607e-09,2.039618488587377e-12,300.00000000000205,2.9870241413789182e-06,0.273042,0.7635000000000001,2.010283559620089e-10,1.6752362996834074e-11,5.1891471276960596e-08,1.9554271931306207e-12,1.3569414027435602e-10,interface
Diamond,Tritium,interdigitated_combs,5.47,1200.0,1e-07,1200.0,1.0,10.0,5.7,0.2,0.45,12.0,0.5814,True,0.4708373243804202,0.9906834707259701,1.6473600000000002,0.009316529274029928,0.0008901858634617221,0.06910000000000001,1.0378829166597534e-09,0.31378745978267336,3.3075984533562386e-09,2.039618488587377e-12,300.00000000000205,2.9870241413789182e-06,0.20941199999999996,0.7602000000000001,1.6522577340856843e-10,1.3768814450714037e-11,3.9626609612972895e-08,7.543721612597185e-13,8.412139801550446e-11,interface
AlN,Tritium,interdigitated_combs,6.2,300.0,2e-08,285.0,0.82,11.0,8.5,0.55,0.58,4.0,0.323,False,0.230773256366435,0.6111154837213137,1.7471999999999999,0.38888451627868625,0.01228690179306525,0.162825,4.815713525334026e-10,0.2970525388390495,1.62116558375665e-09,8.129858957700305e-12,300.00000000000813,6.242012128044285e-07,0.19827,0.5605749999999999,5.352434681984514e-11,1.3381086704961284e-11,1.734424297861178e-08,4.970257705463675e-13,2.485403044579509e-11,recombination
Diamond,Tritium,honeycomb_mesh,5.47,1200.0,1e-07,1200.0,1.0,10.0,5.7,0.2,0.45,12.0,0.5385599999999999,True,0.4684196862342775,0.9958331664403325,1.39392,0.0041668335596675155,0.0015069952718352818,0.0781,1.032553633698067e-09,0.31378745978267336,3.2906147186799794e-09,2.039618488587377e-12,300.00000000000205,2.9870241413789182e-06,0.17703,0.7243,1.3239694800699588e-10,1.103307900058299e-11,3.1917057141575074e-08,4.733585275278825e-13,6.485490977512294e-11,interface
c-BN,C14,straight_fingers,6.4,800.0,8e-08,750.0,0.92,8.0,7.1,0.3,0.18,25.0,0.39015,False,0.1271735505000716,0.6793858566557736,4.7064,0.32061414334422644,0.0032842698225436836,0.115,4.5641006000583545e-09,0.64,7.1314071875911785e-09,7.132675535973826e-11,300.00000000007134,1.7170646996767709e-06,0.08338499999999999,0.67415,2.5656634086245393e-10,1.0262653634498158e-11,3.860922846569377e-09,6.009685169362598e-14,7.044477879475182e-11,recombination
AlN,Tritium,honeycomb_mesh,6.2,300.0,2e-08,285.0,0.82,11.0,8.5,0.55,0.58,4.0,0.2992,False,0.2433781196592082,0.6651759490865801,1.4784,0.33482405091341993,0.013841806382390314,0.18757500000000002,5.078748383010987e-10,0.2970525388390495,1.7097138448504494e-09,8.129858957700305e-12,300.00000000000813,6.242012128044285e-07,0.15745500000000004,0.469075,3.751072347719393e-11,9.377680869298482e-12,1.1525595147595514e-08,2.5623679186996654e-13,1.7016364598194256e-11,recombination
c-BN,Ni63,straight_fingers,6.4,800.0,8e-08,750.0,0.92,8.0,7.1,0.3,0.18,25.0,0.39015,False,0.2904500585673947,0.7953669212231134,3.3744000000000005,0.20463307877688663,0.0032842698225436836,0.115,3.6164521380893214e-09,0.64,5.650706465764565e-09,2.758613833835507e-11,300.00000000002757,1.4496799127334694e-06,0.08338499999999999,0.67415,2.0329523235353578e-10,8.131809294141431e-12,3.259692134104777e-09,4.7618886357823e-14,5.581826370922944e-11,recombination
c-BN,C14,interdigitated_combs,6.4,800.0,8e-08,750.0,0.92,8.0,7.1,0.3,0.18,25.0,0.363375,False,0.13112718656885208,0.7084392585740964,4.306800000000001,0.2915607414259036,0.0038070607368618004,0.12445,4.705991682622124e-09,0.64,7.3531120040970685e-09,7.132675535973826e-11,300.00000000007134,1.7170646996767709e-06,0.06344549999999997,0.6233249999999999,1.8610863562024896e-10,7.444345424809958e-12,2.7162017281805387e-09,3.0892630560927986e-14,4.8857006387233233e-11,recombination
c-BN,Ni63,baseline,6.4,800.0,8e-08,750.0,0.92,8.0,7.1,0.3,0.18,25.0,0.45,False,0.13845325267112712,0.4224839453031727,10.0,0.5775160546968273,0.002497522299306243,0.135,1.7239093154864571e-09,0.64,2.693608305447589e-09,2.758613833835507e-11,300.00000000002757,1.4496799127334694e-06,0.11510999999999999,0.8299000000000001,1.646846931635557e-10,6.5873877265422275e-12,5.53950464723867e-09,6.142021029738433e-14,4.965243498881204e-11,recombination
c-BN,C14,baseline,6.4,800.0,8e-08,750.0,0.92,8.0,7.1,0.3,0.18,25.0,0.45,False,0.045234904631860196,0.26928017116686,17.5,0.73071982883314,0.002497522299306243,0.135,1.6234244822294187e-09,0.64,2.5366007534834668e-09,7.132675535973826e-11,300.00000000007134,1.7170646996767709e-06,0.11510999999999999,0.8299000000000001,1.5508539824481061e-10,6.203415929792425e-12,6.561233138378812e-09,5.784009182195088e-14,4.67582475708104e-11,recombination
c-BN,Ni63,interdigitated_combs,6.4,800.0,8e-08,750.0,0.92,8.0,7.1,0.3,0.18,25.0,0.363375,False,0.3004611518080163,0.8320981488151888,2.9748000000000006,0.16790185118481116,0.0038070607368618004,0.12445,3.741102274960466e-09,0.64,5.8454723046257276e-09,2.758613833835507e-11,300.00000000002757,1.4496799127334694e-06,0.06344549999999997,0.6233249999999999,1.4794999376640603e-10,5.917999750656241e-12,2.2932293029007588e-09,2.455858366638788e-14,3.883964742606471e-11,recombination
c-BN,C14,honeycomb_mesh,6.4,800.0,8e-08,750.0,0.92,8.0,7.1,0.3,0.18,25.0,0.3366,False,0.13236271138899794,0.7269737832676699,4.040400000000001,0.2730262167323301,0.00471206910218651,0.13795000000000002,4.750333132167574e-09,0.64,7.4223955190118346e-09,7.132675535973826e-11,300.00000000007134,1.7170646996767709e-06,0.047502,0.56395,1.2725550047032018e-10,5.0902200188128075e-12,1.839920878118149e-09,1.4649913711242943e-14,3.18736852028011e-11,recombination
c-BN,Ni63,honeycomb_mesh,6.4,800.0,8e-08,750.0,0.92,8.0,7.1,0.3,0.18,25.0,0.3366,False,0.3039828956328829,0.8558124366719119,2.7084000000000006,0.14418756332808813,0.00471206910218651,0.13795000000000002,3.784952216145058e-09,0.64,5.9139878377266526e-09,2.758613833835507e-11,300.00000000002757,1.4496799127334694e-06,0.047502,0.56395,1.0139414965661734e-10,4.055765986264694e-12,1.5534046786524192e-09,1.1672702066349901e-14,2.5396192664492946e-11,recombination
c-BN,Tritium,baseline,6.4,800.0,8e-08,750.0,0.92,8.0,7.1,0.3,0.18,25.0,0.45,False,0.3215568057320681,0.8395966110152838,3.0,0.16040338898471618,0.002497522299306243,0.135,6.073360655091482e-10,0.2895437215037492,2.0975625454937867e-09,3.2428896808419905e-12,300.00000000000324,1.1098732025862492e-06,0.11510999999999999,0.8299000000000001,5.8018686190179106e-11,2.3207474476071643e-12,4.241038114392746e-09,2.1638440334218915e-14,1.7492633886339e-11,recombination
c-BN,Tritium,straight_fingers,6.4,800.0,8e-08,750.0,0.92,8.0,7.1,0.3,0.18,25.0,0.39015,False,0.3921607576126491,0.9188954764275123,2.1312,0.08110452357248765,0.0032842698225436836,0.115,7.406883242085913e-10,0.2895437215037492,2.5581225535190904e-09,3.2428896808419905e-12,300.00000000000324,1.1098732025862492e-06,0.08338499999999999,0.67415,4.1637051790513016e-11,1.6654820716205206e-12,2.495616388518748e-09,9.752860480462448e-15,1.1432181217491683e-11,interface
c-BN,Tritium,interdigitated_combs,6.4,800.0,8e-08,750.0,0.92,8.0,7.1,0.3,0.18,25.0,0.363375,False,0.4023169856043744,0.9533678904040576,1.7316000000000003,0.04663210959594244,0.0038070607368618004,0.12445,7.598707623935504e-10,0.2895437215037492,2.624373129029189e-09,3.2428896808419905e-12,300.00000000000324,1.1098732025862492e-06,0.06344549999999997,0.6233249999999999,3.005073539738712e-11,1.2020294158954847e-12,1.755693604028742e-09,4.988195543005076e-15,7.88888149310282e-12,interface
c-BN,Tritium,honeycomb_mesh,6.4,800.0,8e-08,750.0,0.92,8.0,7.1,0.3,0.18,25.0,0.3366,False,0.4035381190089651,0.9721201272865956,1.4652000000000003,0.02787987271340442,0.00471206910218651,0.13795000000000002,7.621771615870537e-10,0.2895437215037492,2.63233876261822e-09,3.2428896808419905e-12,300.00000000000324,1.1098732025862492e-06,0.047502,0.56395,2.041777564777895e-11,8.167110259111581e-13,1.1892847589765869e-09,2.3505361285757748e-15,5.114040266499194e-12,interface
B4C,Tritium,baseline,2.1,10.0,1e-09,30.0,0.86,1.0,7.0,0.9,0.35,1.2,0.35,False,0.004276095078481755,0.014983252894193,3.0,0.985016747105807,0.012633086655526383,0.165,4.462975980706676e-12,0.08,5.5787199758833445e-11,6.322537923639197e-11,300.0000000000632,9.433124643301287e-07,0.24535,0.8155,8.929652884245354e-13,7.441377403537795e-13,1.572839308767753e-07,2.2365338837985473e-14,3.1253785094858736e-13,recombination
B4C,C14,straight_fingers,2.1,10.0,1e-09,30.0,0.86,1.0,7.0,0.9,0.35,1.2,0.30345,False,0.001097625914222939,0.008803722039357864,4.791200000000001,0.9911962779606421,0.014812385682236577,0.185,9.848107318788934e-12,0.08,1.2310134148486167e-10,1.3291713252046382e-09,300.00000000132917,1.5268614858160528e-06,0.18033749999999998,0.44325000000000003,7.872044885091305e-13,6.560037404242755e-13,1.0170754779389143e-07,1.2564567581575644e-14,2.5903160495515066e-13,recombination
B4C,Ni63,straight_fingers,2.1,10.0,1e-09,30.0,0.86,1.0,7.0,0.9,0.35,1.2,0.30345,False,0.003079674935611287,0.012257501957415595,3.4352000000000005,0.9877424980425844,0.014812385682236577,0.185,9.58641311732361e-12,0.08,1.1983016396654513e-10,5.310197006305214e-10,300.00000000053103,1.2479404818245825e-06,0.18033749999999998,0.44325000000000003,7.662860680104748e-13,6.385717233420623e-13,8.312801611553439e-08,1.2230688758611936e-14,2.5214834639401673e-13,recombination
B4C,Ni63,baseline,2.1,10.0,1e-09,30.0,0.86,1.0,7.0,0.9,0.35,1.2,0.35,False,0.0010894968261416645,0.004518750331839905,10.0,0.9954812496681601,0.012633086655526383,0.165,3.391386066313451e-12,0.08,4.239232582891814e-11,5.310197006305214e-10,300.00000000053103,1.2479404818245825e-06,0.24535,0.8155,6.785584439522393e-13,5.654653699601994e-13,2.0807631819114318e-07,1.6995273743667527e-14,2.3749545538328375e-13,recombination
B4C,C14,baseline,2.1,10.0,1e-09,30.0,0.86,1.0,7.0,0.9,0.35,1.2,0.35,False,0.0003092390107502505,0.0025846487401967044,17.5,0.9974153512598033,0.012633086655526383,0.165,2.7745508971338263e-12,0.08,3.468188621417283e-11,1.3291713252046382e-09,300.00000000132917,1.5268614858160528e-06,0.24535,0.8155,5.551402590599102e-13,4.626168825499252e-13,2.545824267932682e-07,1.3904123886368955e-14,1.9429909067096855e-13,recombination
B4C,Tritium,straight_fingers,2.1,10.0,1e-09,30.0,0.86,1.0,7.0,0.9,0.35,1.2,0.30345,False,0.00575112436562446,0.01933820819315013,2.1696,0.9806617918068499,0.014812385682236577,0.185,6.0024694107017154e-12,0.08,7.503086763377144e-11,6.322537923639197e-11,300.0000000000632,9.433124643301287e-07,0.18033749999999998,0.44325000000000003,4.798049725989604e-13,3.9983747716580037e-13,6.283608463615971e-08,7.658165180959542e-15,1.578810257461194e-13,recombination
B4C,Ni63,interdigitated_combs,2.1,10.0,1e-09,30.0,0.86,1.0,7.0,0.9,0.35,1.2,0.28262499999999996,False,0.0032934295905231396,0.013600495404281876,3.0284000000000004,0.9863995045957181,0.016247717556629473,0.21335000000000004,1.0251788674997274e-11,0.08,1.2814735843746592e-10,5.310197006305214e-10,300.00000000053103,1.2479404818245825e-06,0.14007875,0.33327500000000004,4.786021442509248e-13,3.9883512020910404e-13,4.854981973011133e-08,5.526424882990144e-15,1.5300013172681599e-13,recombination
B4C,C14,interdigitated_combs,2.1,10.0,1e-09,30.0,0.86,1.0,7.0,0.9,0.35,1.2,0.28262499999999996,False,0.0011312392441168802,0.009414032324157273,4.384400000000001,0.9905859676758427,0.016247717556629473,0.21335000000000004,1.014969247257217e-11,0.08,1.2687115590715212e-10,1.3291713252046382e-09,300.00000000132917,1.5268614858160528e-06,0.14007875,0.33327500000000004,4.738358090337639e-13,3.9486317419480325e-13,5.940094977994252e-08,5.471387951247981e-15,1.5147642372667496e-13,recombination
B4C,Tritium,interdigitated_combs,2.1,10.0,1e-09,30.0,0.86,1.0,7.0,0.9,0.35,1.2,0.28262499999999996,False,0.00666444433420731,0.023250734083560043,1.7628000000000001,0.97674926591644,0.016247717556629473,0.21335000000000004,6.955704782617786e-12,0.08,8.694630978272232e-11,6.322537923639197e-11,300.0000000000632,9.433124643301287e-07,0.14007875,0.33327500000000004,3.247253068975469e-13,2.706044224146224e-13,3.669858519649529e-08,3.7496071376444656e-15,1.0380859201564142e-13,recombination
B4C,Ni63,honeycomb_mesh,2.1,10.0,1e-09,30.0,0.86,1.0,7.0,0.9,0.35,1.2,0.2618,False,0.003323015475169489,0.01450380272221563,2.7572000000000005,0.9854961972777844,0.01870862570652197,0.25385,1.0343883626117526e-11,0.08,1.2929854532646907e-10,5.310197006305214e-10,300.00000000053103,1.2479404818245825e-06,0.10759000000000003,0.19764999999999988,2.19964376534362e-13,1.8330364711196833e-13,2.2114715320223765e-08,1.8070938175601266e-15,6.825714568237787e-14,recombination
B4C,C14,honeycomb_mesh,2.1,10.0,1e-09,30.0,0.86,1.0,7.0,0.9,0.35,1.2,0.2618,False,0.0011080253308725797,0.009745723520691585,4.113200000000001,0.9902542764793084,0.01870862570652197,0.25385,9.941412852023329e-12,0.08,1.242676606502916e-10,1.3291713252046382e-09,300.00000000132917,1.5268614858160528e-06,0.10759000000000003,0.19764999999999988,2.1140576971927732e-13,1.7617147476606444e-13,2.7057465948109403e-08,1.7367814983285106e-15,6.560132440158894e-14,recombination
B4C,Tritium,honeycomb_mesh,2.1,10.0,1e-09,30.0,0.86,1.0,7.0,0.9,0.35,1.2,0.2618,False,0.0072260236138269604,0.026644972490050267,1.4916000000000003,0.9733550275099497,0.01870862570652197,0.25385,7.54182711858206e-12,0.08,9.427283898227575e-11,6.322537923639197e-11,300.0000000000632,9.433124643301287e-07,0.10759000000000003,0.19764999999999988,1.6037818676538136e-13,1.3364848897115115e-13,1.671641148797342e-08,1.3175698462698559e-15,4.976695513516548e-14,recombination
4H-SiC,Ni63,laser_graphitic_channels,3.26,900.0,5e-08,370.0,0.78,3.0,9.7,0.35,0.82,2.5,0.05,False,0.0,0.6464493148099576,3.6176,0.3535506851900424,0.00917954398792189,1.0,0.0,0.24,0.0,5.246998617470271e-11,300.00000000005247,6.89620212958827e-07,0.0,0.0,0.0,0.0,0.0,0.0,0.0,interface
4H-SiC,C14,laser_graphitic_channels,3.26,900.0,5e-08,370.0,0.78,3.0,9.7,0.35,0.82,2.5,0.05,False,0.0,0.5362895358853506,4.8944,0.46371046411464945,0.00917954398792189,1.0,0.0,0.24,0.0,1.3444953085492325e-10,300.00000000013443,8.242097321172011e-07,0.0,0.0,0.0,0.0,0.0,0.0,0.0,interface
4H-SiC,Tritium,laser_graphitic_channels,3.26,900.0,5e-08,370.0,0.78,3.0,9.7,0.35,0.82,2.5,0.05,False,0.0,0.787852228043075,2.42592,0.21214777195692502,0.00917954398792189,1.0,0.0,0.24,0.0,6.189828500947541e-12,300.0000000000062,5.26120016585039e-07,0.0,0.0,0.0,0.0,0.0,0.0,0.0,interface
3C-SiC,Ni63,laser_graphitic_channels,2.36,700.0,4e-08,360.0,0.68,1.5,9.7,0.45,0.58,1.8,0.05,False,0.0,0.507416246783265,3.6516,0.492583753216735,0.01596231569300315,1.0,0.0,0.12,0.0,5.392748579066667e-11,300.00000000005394,4.7496466534789554e-07,0.0,0.0,0.0,0.0,0.0,0.0,0.0,interface
3C-SiC,C14,laser_graphitic_channels,2.36,700.0,4e-08,360.0,0.68,1.5,9.7,0.45,0.58,1.8,0.05,False,0.0,0.40748046899043056,4.9404,0.5925195310095694,0.01596231569300315,1.0,0.0,0.12,0.0,1.381842400453378e-10,300.0000000001382,5.676609998304928e-07,0.0,0.0,0.0,0.0,0.0,0.0,0.0,interface
3C-SiC,Tritium,laser_graphitic_channels,2.36,700.0,4e-08,360.0,0.68,1.5,9.7,0.45,0.58,1.8,0.05,False,0.0,0.6521294463617623,2.44872,0.3478705536382377,0.01596231569300315,1.0,0.0,0.12,0.0,6.361768181529417e-12,300.00000000000637,3.623565738277767e-07,0.0,0.0,0.0,0.0,0.0,0.0,0.0,interface
GaN,Ni63,laser_graphitic_channels,3.4,1000.0,2e-08,230.0,0.62,3.3,9.0,0.55,0.78,3.0,0.05,False,0.0,0.48888121341350876,3.706,0.5111187865864912,0.02223578808674802,1.0,0.0,0.264,0.0,1.3502974445496418e-10,300.000000000135,2.463517746563084e-07,0.0,0.0,0.0,0.0,0.0,0.0,0.0,interface
GaN,C14,laser_graphitic_channels,3.4,1000.0,2e-08,230.0,0.62,3.3,9.0,0.55,0.78,3.0,0.05,False,0.0,0.3910808620192746,5.014,0.6089191379807254,0.02223578808674802,1.0,0.0,0.264,0.0,3.7984465141795697e-10,300.0000000003798,2.681978072533826e-07,0.0,0.0,0.0,0.0,0.0,0.0,0.0,interface
GaN,Tritium,laser_graphitic_channels,3.4,1000.0,2e-08,230.0,0.62,3.3,9.0,0.55,0.78,3.0,0.05,False,0.0,0.6324303945982055,2.4852,0.3675696054017945,0.02223578808674802,1.0,0.0,0.264,0.0,1.5377261039164215e-11,300.0000000000154,1.9469224970449383e-07,0.0,0.0,0.0,0.0,0.0,0.0,0.0,interface
c-BN,Ni63,laser_graphitic_channels,6.4,800.0,8e-08,750.0,0.92,8.0,7.1,0.3,0.18,25.0,0.05,False,0.0,0.7600546955561304,3.774,0.23994530444386963,0.0036759730707432675,1.0,0.0,0.64,0.0,2.758613833835507e-11,300.00000000002757,1.4496799127334694e-06,0.0,0.0,0.0,0.0,0.0,0.0,0.0,interface
c-BN,C14,laser_graphitic_channels,6.4,800.0,8e-08,750.0,0.92,8.0,7.1,0.3,0.18,25.0,0.05,False,0.0,0.6518053435886939,5.106,0.3481946564113061,0.0036759730707432675,1.0,0.0,0.64,0.0,7.132675535973826e-11,300.00000000007134,1.7170646996767709e-06,0.0,0.0,0.0,0.0,0.0,0.0,0.0,interface
c-BN,Tritium,laser_graphitic_channels,6.4,800.0,8e-08,750.0,0.92,8.0,7.1,0.3,0.18,25.0,0.05,False,0.0,0.880983823220686,2.5308,0.11901617677931398,0.0036759730707432675,1.0,0.0,0.2895437215037492,0.0,3.2428896808419905e-12,300.00000000000324,1.1098732025862492e-06,0.0,0.0,0.0,0.0,0.0,0.0,0.0,interface
AlN,Ni63,laser_graphitic_channels,6.2,300.0,2e-08,285.0,0.82,11.0,8.5,0.55,0.58,4.0,0.05,False,0.0,0.3587484204541296,3.8079999999999994,0.6412515795458704,0.012061021906104738,1.0,0.0,0.7559122482889347,0.0,6.896041563337649e-11,300.00000000006895,8.176458551888042e-07,0.0,0.0,0.0,0.0,0.0,0.0,0.0,interface
AlN,C14,laser_graphitic_channels,6.2,300.0,2e-08,285.0,0.82,11.0,8.5,0.55,0.58,4.0,0.05,False,0.0,0.27993972368650666,5.151999999999999,0.7200602763134933,0.012061021906104738,1.0,0.0,0.88,0.0,1.7700104289032368e-10,300.000000000177,9.755856016458705e-07,0.0,0.0,0.0,0.0,0.0,0.0,0.0,interface
AlN,Tritium,laser_graphitic_channels,6.2,300.0,2e-08,285.0,0.82,11.0,8.5,0.55,0.58,4.0,0.05,False,0.0,0.4844920054652776,2.5535999999999994,0.5155079945347224,0.012061021906104738,1.0,0.0,0.2970525388390495,0.0,8.129858957700305e-12,300.00000000000813,6.242012128044285e-07,0.0,0.0,0.0,0.0,0.0,0.0,0.0,interface
beta-Ga2O3,Ni63,laser_graphitic_channels,4.8,150.0,1e-08,20.0,0.55,8.0,10.0,0.75,0.62,2.0,0.05,False,0.0,0.18699877585120483,3.7672000000000003,0.8130012241487952,0.03380726351003249,1.0,0.0,0.64,0.0,1.5086301133601469e-09,300.0000000015086,2.086485369856032e-07,0.0,0.0,0.0,0.0,0.0,0.0,0.0,interface
beta-Ga2O3,C14,laser_graphitic_channels,4.8,150.0,1e-08,20.0,0.55,8.0,10.0,0.75,0.62,2.0,0.05,False,0.0,0.1418846529795722,5.0968,0.8581153470204278,0.03380726351003249,1.0,0.0,0.64,0.0,4.209465897395631e-09,300.0000000042095,2.290061882284849e-07,0.0,0.0,0.0,0.0,0.0,0.0,0.0,interface
beta-Ga2O3,Tritium,laser_graphitic_channels,4.8,150.0,1e-08,20.0,0.55,8.0,10.0,0.75,0.62,2.0,0.05,False,0.0,0.2656121671608047,2.52624,0.7343878328391953,0.03380726351003249,1.0,0.0,0.5743812624184276,0.0,1.7231437872552826e-10,300.0000000001723,1.644065466270618e-07,0.0,0.0,0.0,0.0,0.0,0.0,0.0,interface
Silicon,Ni63,laser_graphitic_channels,1.12,1400.0,1e-06,150.0,0.18,0.3,11.7,0.8,0.98,0.25,0.05,False,0.0,0.9763802768689861,3.502,0.023619723131013903,0.05733155728742123,1.0,0.0,0.024,0.0,9.941367380746153e-11,300.0000000000994,1.8471058776318204e-07,0.0,0.0,0.0,0.0,0.0,0.0,0.0,interface
Silicon,C14,laser_graphitic_channels,1.12,1400.0,1e-06,150.0,0.18,0.3,11.7,0.8,0.98,0.25,0.05,False,0.0,0.9372465080266426,4.7379999999999995,0.06275349197335744,0.05733155728742123,1.0,0.0,0.024,0.0,2.472116193412204e-10,300.0000000002472,2.2748100147728644e-07,0.0,0.0,0.0,0.0,0.0,0.0,0.0,interface
Silicon,Tritium,laser_graphitic_channels,1.12,1400.0,1e-06,150.0,0.18,0.3,11.7,0.8,0.98,0.25,0.05,False,0.0,0.9962487006390323,2.3484,0.0037512993609677414,0.05733155728742123,1.0,0.0,0.024,0.0,1.1867534560330156e-11,300.0000000000119,1.3925792442054082e-07,0.0,0.0,0.0,0.0,0.0,0.0,0.0,interface
B4C,Ni63,laser_graphitic_channels,2.1,10.0,1e-09,30.0,0.86,1.0,7.0,0.9,0.35,1.2,0.05,False,0.0,0.01114115406354721,3.842,0.9888588459364528,0.015888766724342748,1.0,0.0,0.08,0.0,5.310197006305214e-10,300.00000000053103,1.2479404818245825e-06,0.0,0.0,0.0,0.0,0.0,0.0,0.0,interface
B4C,C14,laser_graphitic_channels,2.1,10.0,1e-09,30.0,0.86,1.0,7.0,0.9,0.35,1.2,0.05,False,0.0,0.00824678914939081,5.198,0.9917532108506092,0.015888766724342748,1.0,0.0,0.08,0.0,1.3291713252046382e-09,300.00000000132917,1.5268614858160528e-06,0.0,0.0,0.0,0.0,0.0,0.0,0.0,interface
B4C,Tritium,laser_graphitic_channels,2.1,10.0,1e-09,30.0,0.86,1.0,7.0,0.9,0.35,1.2,0.05,False,0.0,0.016568452461711347,2.5764,0.9834315475382887,0.015888766724342748,1.0,0.0,0.08,0.0,6.322537923639197e-11,300.0000000000632,9.433124643301287e-07,0.0,0.0,0.0,0.0,0.0,0.0,0.0,interface
GaAs,Ni63,laser_graphitic_channels,1.42,8500.0,2e-08,55.0,0.15,0.4,12.9,0.85,0.9,0.8,0.05,False,0.0,0.7349991404390892,3.604,0.2650008595609108,0.06178355412729861,1.0,0.0,0.032,0.0,5.132862369304837e-10,300.0000000005133,9.191776164503598e-08,0.0,0.0,0.0,0.0,0.0,0.0,0.0,interface
GaAs,C14,laser_graphitic_channels,1.42,8500.0,2e-08,55.0,0.15,0.4,12.9,0.85,0.9,0.8,0.05,False,0.0,0.6252820363891693,4.8759999999999994,0.37471796361083065,0.06178355412729861,1.0,0.0,0.032,0.0,1.4078494640834337e-09,300.00000000140784,1.0263108894493564e-07,0.0,0.0,0.0,0.0,0.0,0.0,0.0,interface
GaAs,Tritium,laser_graphitic_channels,1.42,8500.0,2e-08,55.0,0.15,0.4,12.9,0.85,0.9,0.8,0.05,False,0.0,0.8619837706061546,2.4168,0.1380162293938454,0.06178355412729861,1.0,0.0,0.032,0.0,5.899929127158152e-11,300.000000000059,7.19705421344972e-08,0.0,0.0,0.0,0.0,0.0,0.0,0.0,interface
